2,5
1,2
10,9
3,4
15,16
13,14
1,17,2
17,2,5
18,19
23,24
29,30
25,31
27,28
42,47
32,33,34
39,40
45,46
34,35
41,42
19,31
36,37
23,38
32,33,48
27,33
54,55
35,50
36,50
32,49
15,16,56
19,25
25,57
27,34
27,49
36,51
33,34,49
27,33,49
32,34,48
32,48,61
16,56
59,60,62
61,62
58,59,60
20,63
13,68
65,66
47,70
27,33,34
43,69
35,37
1,17
50,64
32,37,48
13,67
51,60
36,61,62
16,72
17,5
37,64
36,64
28,37
4,71
27,32
32,48
35,37,50
51,62
28,35
29,73
59,64
36,59
32,34
35,36
34,49
33,34
48,49
36,75
63,76
32,61
59,61
28,62
34,64
61,64
3,80
10,81
41,65
78,79
82,83
82,84
82,85
55,86
48,61
88,89
88,91
58,82
88,90
94,95
100,48
92,98
98,99
97,98
2,80
101,102
103,83
104,97
105,86
108,54
105,108
109,29
109,30
107,112
106,107
111,73
100,48,61
114,117
107,112,39
61,91
117,95
108,86
118,119
120,121
10,124
10,121
10,125
123,38
15,56
124,125
126,128,24
129,130
126,127,24
100,61
132,54
135,81
133,134
134,137
133,135
136,137
131,24
133,140
123,138
141,142
118,148
121,129
147,81
136,146
138,144,38
128,149
144,38
138,38
127,149
52,54
144,24
131,150
126,151
127,150
121,124
128,131
124,81
153,78
47,69
52,86
124,157
107,132
141,158
120,136
105,73
105,106
112,52
40,52
107,109,132
112,39
128,156
108,55
131,156
45,65
108,54,55
108,54,86
157,81
109,132
79,91
126,138
73,86
111,30
13,160
151,24
131,144
58,75
159,90
78,91
35,83
138,24
104,99
40,73
103,79
100,79
75,85
32,83,85
58,85
159,161,90
90,99
36,90
106,30
33,34,82
27,33,82
164,165
166,167
35,64
83,88
84,91
37,50
161,50
34,60,82
129,9
60,92
79,97
118,163
161,88
27,92
59,89
136,147
14,170
111,29
105,29
127,131
58,83
14,169
112,132
103,33
35,48
32,84
37,92
60,82
34,82
120,147
140,147
100,28
67,68
32,85
34,85
103,85
128,151
32,58
58,84
169,173
111,52
106,132
33,84
172,36
32,79
171,50
100,36
100,27
167,175
68,72
32,33,60
46,65
60,85
118,166
174,72
111,55
78,83
173,176
27,79
108,111
105,39
33,85
108,111,55
8,95
103,171
103,36
177,3
169,72
32,33,85
142,158
27,83
28,83
40,86
171,34
60,91
103,92
19,41
111,54
106,109
33,60
105,107
30,73
79,82
32,33
121,9
81,9
171,92
147,9
178,79
105,40,52
153,62
15,179
32,60
121,157
58,82,84
151,156
105,108,86
45,47
106,55
150,151
106,54
105,54
121,130
140,146
58,91
105,55
58,60
76,87
126,156
148,179
175,176
27,78
173,175
167,176
85,91
131,149
103,172
51,89
183,31
1,177
65,70
183,185
183,57
164,184
47,65
182,47
165,187
165,188
62,75
182,46
186,187
163,179
188,80
188,190
65,69
153,75
164,193
184,191
175,192
187,4
1,165
1,5
190,194
177,2,3
165,177
157,195
1,17,5
120,129
121,124,157
187,190
190,3
188,2,80
165,17
188,3
123,150
120,9
177,184
148,68
188,2
196,197
135,142
20,95
177,194
187,198
141,147
174,199
1,165,17
191,71
76,95
47,57
164,2
46,70
133,142
172,178
141,81
19,69
182,66
182,185
188,200
125,81
42,65
185,41
165,17,5
182,70
10,125,81
165,5
156,197
184,5
45,70
1,194
13,148
126,197
42,46,65
191,5
46,47
42,46
165,193
201,203
182,69
42,69
46,69
182,19
1,164
204,205
19,70
164,5
158,81
197,23
147,158
181,34
19,66
19,65
14,199
164,200
148,56
56,68
17,4
201,207
121,157,81
131,138
133,81
19,57,70
201,209
140,210
136,140
18,25
57,70
140,142
182,65
177,187
163,67
150,156
126,150
25,42
126,127,150
209,221
108,29
142,147
201,222
31,57
222,223
120,137
137,81
151,197
29,55
31,66
66,69
209,217
214,223
220,224
150,197
31,65,66
106,29
218,222
167,173
124,195
146,210
142,210
125,195
125,147
43,47
31,43
43,57
18,183
84,85
186,194
57,69
220,222
225,3
5,71
2,71
203,204
214,220
186,188
201,221
217,224
16,68
121,125
64,99
31,65
109,73
225,80
149,150,197
123,131
183,43
123,131,156
19,57
150,23
129,136
183,19,25
183,42
211,217
141,142,158
163,166
183,25
18,57
210,81
14,179
169,179
120,81
179,199
179,67
43,66
103,178
179,72
198,225
133,137
183,19
125,157
185,19
1,2,5
134,136
100,75
183,25,41
127,138
149,150
183,41
130,9
124,125,157
140,81
141,210
193,3
147,210
137,142
205,227
131,150,181
142,81
186,2
131,181
167,192
82,91
10,157
191,2
31,45
165,191,2,3
191,225
129,81
165,2
201,217
200,3
13,179
164,188
191,3
164,194
225,4
3,5
148,15,179
201,223
194,200
164,187
134,135
125,134
180,24
153,28
125,134,147
131,150,156
127,131,156
125,137,147
10,147
205,224
58,85,91
151,180
58,60,91
106,40
188,4
190,5
160,170
105,111
165,184,2
182,31
105,132
184,225
184,2
182,41
41,45
39,52
1,190
114,76
165,225
120,125
112,29
107,29
199,72
76,94
107,111
114,76,94
120,130
125,210
194,5
41,69
101,158
25,69
105,109
102,135
101,141
101,147
225,5
130,136
25,65
102,142
126,180
134,210
76,8
187,3
177,5
140,142,147
10,101
101,142
135,158
124,9
131,197
134,147
163,199
121,195
125,9
148,15
102,133
101,135
45,66
105,30
131,196
18,31
14,174
164,165,3
138,196
46,66
42,57
184,194
124,125,147
102,158
119,199
201,224
225,71
10,124,125
207,217
190,225
211,221
136,210
138,197
120,136,9
124,157,195
197,24
136,9
207,220
8,87
101,81
198,200
184,190
177,225
148,175
194,2
194,71
124,137
33,91
191,194,71
18,185
58,84,91
191,194,3
1,3
208,217
149,197
127,151
191,194
194,3
194,225
127,156
221,223
138,180
1,164,3
169,199
186,190
217,221
169,174
134,146
204,205,220
192,68
204,220
150,92
150,171
19,47
118,170
165,191
138,156
102,137
34,92
191,193,225
31,47
123,156
1,193
101,142,158
205,220
164,3
45,46,65
102,133,142
114,95
184,225,5
17,187
61,97
102,140
102,81
164,191
101,135,158
126,131
150,180
146,147
171,88
128,23
128,138,197,23
123,197
149,151
144,149
138,150
177,186
128,197
144,149,151
144,23
138,144
16,166
61,88
15,72
156,180
144,151
61,90
28,78
180,23
123,180
149,23
190,2
128,197,23
46,65,66
123,144
159,161
135,147
123,127
126,127,196
128,23,38
134,140
100,83
186,3
123,196
138,197,23
127,144
138,35
24,50
153,161
161,27
52,55
144,161
150,37
150,24
149,159
200,80
135,141
128,138
138,180,24
169,192
161,48
27,48
156,62
180,23,24
181,92
123,144,159
100,131
138,23
100,126
128,38
180,197
126,151,28
173,192
178,78
153,159,78
138,23,24
178,75
36,79
123,149
159,75
153,159,161
27,37
104,50
103,75
178,28
103,153
161,79
37,61,90
37,48,90
27,61,90
27,48,90
153,159,161,78
172,83
75,79
180,197,24
136,81
27,48,61,90
153,161,78
159,161,172
34,37
101,141,147
123,75
149,38
156,36
151,38
45,47,70
123,144,149
159,78
161,78
69,70
35,92
172,79,83
103,79,83
161,172
172,38
49,88
37,48
171,75
163,174
150,180,197
150,180,24
178,61,90
153,159,172
33,82
178,37
27,61
123,151
131,151
159,172
100,79,83
49,92
178,48
103,153,161
172,78
103,78
35,61
104,178,37
104,37,50,97
61,75
37,90
153,83
60,84
34,50
50,97
103,161
153,79
88,92
37,85
125,136
103,172,78
178,33
33,92
35,88
79,83
60,84,91
190,193
171,58
10,142
173,72
100,78
104,84,91
34,60
171,58,75
28,33
15,83
1,164,2
128,150
150,38
35,82
100,172,83
100,172,79
171,91
149,60
104,36
178,48,92
48,88
123,149,151
126,149,151
100,153,78
153,78,83
100,172
171,84,91
23,91
100,103
36,97
45,46,66
61,85
27,85
41,66
126,90
33,61
28,49
104,36,97
218,221
28,38
126,144
188,194
36,37,97
67,72
85,90
123,144,151
150,23,38
32,37
27,37,48
123,126
184,188
82,92
103,61
204,205,217
218,223
178,32
201,220
178,32,33,79
150,35
201,218
33,78
159,178,33
100,178,33
178,83
172,91
171,84
217,220
103,28
15,169
100,90
83,90
217,223
37,97
100,32
104,48
178,36
151,35
151,84
144,150
150,196
159,83
33,50
33,36
48,50
100,161
161,97
35,59
172,59
126,149
88,99
32,36
83,85
100,159
75,84
178,97
153,98
100,178,85
123,126,151
33,48
33,79
161,27,37
190,4
50,99
104,60
104,98
161,178
100,97
171,84,89
32,90
48,90
104,159
159,97
27,33,37
103,35
104,83
126,128
97,98,99
128,91
100,104
178,51
27,36
131,61
50,78
159,98
100,33
83,97
36,99
100,60
103,88
62,88
28,92
58,62
78,98
159,50
200,225
48,83
97,99
128,149,23
34,88
104,161,36
48,98
204,224
128,151,92
144,35
32,59
48,78
51,78
200,71
149,35
37,62
100,32,61
188,225
62,82
104,178
197,92
48,61,85
159,36
188,200,4
17,200
172,75
104,50,99
91,92
164,71
123,92
85,89
85,99
149,151,32
33,90
33,37
123,49
104,91
167,68
61,85,97
59,78
32,78
123,126,149
48,89
197,82
59,85
36,58,75
144,88
149,59
159,48
1,184,194
149,33
83,99
100,171
28,34
48,79
123,88
61,89
1,184,191
1,184,5
153,36
50,89
144,92
103,144
171,78
200,4
126,88
190,198
48,51
27,98
149,28
132,55
171,59
187,190,198
32,83
100,99
79,99
104,171,91
82,88
34,98
104,23
100,178
89,98
48,85
79,85,97
151,36
150,156,196
33,49
37,79
171,23
103,123
61,98
153,180
100,51
100,64
37,61
100,50
178,61
153,156
48,97
156,196
125,142,210
120,210
103,197
103,151
123,144,82
144,49
126,35
103,49
171,50,84
171,99
142,210,81
178,89
103,123,151
103,123,144
125,142
123,35
104,64,91
32,99
141,147,210
101,210
78,89,90
10,136
127,150,196
79,90
178,99
32,97
23,75
144,197
33,51
127,196
140,141
23,50
61,79
32,89
178,85
223,224
64,83
79,84
104,50,91
123,82
149,153,62
27,51
103,82
61,92
79,98
171,36,89
84,89
141,142,210
59,98
59,99
32,48,90
172,84
104,64
27,60
123,178
205,223
171,64
128,89
197,32
123,151,197
151,178
144,82
59,91
106,111
103,32
104,128
100,85
159,37
33,97
156,24
100,89
197,91
104,33
171,84,92
126,82
61,99
103,91
144,59
172,59,91
61,78
32,51
33,89
105,55,86
151,171
104,98,99
123,28
197,28
104,32,99
103,144,197
123,144,197
151,92
171,33
50,83
37,51
50,51
171,32
36,91
120,129,136
151,28
103,126,144
33,99
126,92
120,141
172,36,59
78,99
126,28
89,97
201,220,224
28,82
103,123,34
103,149
149,92
123,149,197
197,88
46,57
13,175
128,99
104,61
151,34
151,82
58,59
37,60
178,50
100,104,97
153,58
36,58,59
59,75
120,140
28,88
104,85
178,59
83,98
64,97
50,91
153,62,91
126,149,197
58,59,75
51,83
104,37
160,67
14,173
104,90
14,163
118,14
119,166
101,125
64,97,99
50,61
186,225
144,34,85
58,88
163,175
169,175
119,13,179
126,61
149,34
180,61
151,88
144,61
178,84
48,99
50,98
148,163
171,58,84
138,150,156
51,64
103,126
171,48
100,178,90
109,9
103,34
118,167
10,134
120,158
58,59,62
144,34
207,227
205,207
209,224
13,166
104,97,99
148,199
151,99
181,36
104,144
35,90
35,60
104,172
10,130
60,64
64,88
171,79,84
37,99
211,224
108,132
36,88
167,72
149,180
163,68
49,59
204,207
90,98
153,90
133,157
129,133
130,147
130,137
10,137
178,98
204,221
16,167
148,192,72
123,126,197
172,85
101,134
208,209
204,209
192,199,72
159,91
133,9
172,88
129,130,146
214,221
171,79
208,218
156,161
163,56
83,89
159,85
209,214
192,199
205,221
121,141
133,147
133,141
129,130,140
192,72
137,9
137,140
204,214
153,171
103,82,92
103,34,82
195,81
221,224
204,208
119,56
101,134,81
101,134,158
120,121,133
10,125,157
102,195,81
28,60
15,167
135,210
125,129
49,61
32,60,61
178,60
28,61
191,2,71
193,2
102,210
10,210
133,158
137,158
28,59,61
142,9
27,33,48
119,166,167
166,167,169
125,137
141,195
28,32,61
28,50
186,71
36,62
199,68
101,102,158
134,81
16,199
121,129,133
121,129,130
119,16,166
119,166,169
35,51
178,37,60
102,157
179,56
163,72
119,68
169,68
136,195
101,134,147
100,181
181,82
171,78,84
120,121,130
34,75
10,102,157
100,153
119,148
124,142
157,210
135,136
101,136
181,50
28,35,61
120,129,130
36,84
34,37,60
27,75
178,27
119,16
171,181,78
175,199
35,49
103,172,88
125,135
146,195
126,23
100,82
140,195
104,161,97
100,92
10,140
102,124,142
45,65,66
172,50,58
161,50,58
103,58
104,172,50
120,125,129
141,146,195
140,157
103,104
123,23
102,124,9
207,222
129,142
209,227
82,90
159,79
121,135
135,51
172,99
37,91
126,38
82,99
104,88
148,176
136,147,210
108,155
207,224
121,137
10,133,140
126,217
103,99
27,50
144,222
129,142,9
102,129,142
209,220
100,82,83,90
120,121,125,137
121,130,137
138,223
10,133,140,157
214,217
62,91
103,97
153,92
89,92
136,147,158
181,32
181,60
35,58
50,58
104,83,99
135,137
32,64
128,221
102,9
103,104,88
174,68
10,157,210
159,85,91
181,58
181,27
181,33
102,142,9
120,121,137
172,98
37,75
208,220
32,75
51,92
181,28
207,214,224
83,90,91
103,159
211,227
79,92
102,124
85,9
81,85
144,203
177,184,194
133,141,195
172,97
222,227
34,36
102,120
124,142,9
135,85
78,88
133,195
84,88
4,80
123,128
221,222
88,97
136,157
16,176
180,223
124,141
158,85
120,85
223,24
120,135
141,146
221,229
102,195
16,174
181,62
214,227
128,144
209,220,221
159,92
83,92
125,130
102,126
141,9
124,135
78,89
89,91
210,224
134,142,9
101,133,136
193,200
188,193
34,58
205,218
135,23
126,195
126,81
101,128
214,224
102,128
221,9
120,121,124
144,210
142,221
20,76
120,121,126
121,81
135,140
125,130,137
120,146
128,157
203,23
102,203
10,129,157
14,148
148,169
124,142,146
193,194
150,221
205,209,220
173,174
187,200
120,121,135,140
125,137,157
218,220
161,99
10,157,224
10,129,224
16,169
193,4
187,193,194
205,209
120,121,135
120,121,140
165,184
84,98
211,222
156,214,221
161,171
157,224
196,217
10,224
15,160
193,194,4
131,201
156,214
10,129
124,146
14,160
160,199
133,136
188,193,194,4
144,9
205,209,218
121,140
17,186
214,217,221
196,221
56,72
150,214
101,209
199,67
130,135
124,136
158,220
193,80
131,81
209,218,220
124,151
102,197
197,224
101,158,220
120,121,146
45,46,66,70
134,224
182,42
102,151
121,151
131,157
49,58
207,211
10,205,209
140,223
133,211
138,140
102,141
196,214
198,3
156,217
134,147,9
10,158
36,58
140,144
150,156,214
101,133
125,137,221
157,224,81
102,221
124,140
124,224
134,151
136,224
164,187,193
1,187,193
142,146
129,135
125,126
184,191,5
121,134,147
134,140,147
142,151
141,151
1,187,193,3
150,223
224,227
123,9
156,221
210,9
134,222
136,142
1,187,190
84,97
126,203
164,190
222,9
101,157,158
125,151
1,190,193
131,23
207,211,224
196,223
125,180
124,141,146
157,158
187,190,193
136,214
123,138,24
128,156,38
123,180,24
156,23
140,197
137,197
120,121,142
209,214,220
214,218
208,222
134,140,81,9
48,59
147,201
33,37,50
134,9
134,141
36,48
137,210
120,121,136
158,224
205,214
204,217
128,197,24
104,78
128,138,24
137,221
120,124,141
138,197,24
172,90
172,79
101,157
136,142,147
136,142,223
190,193,3
101,207
142,223,9
135,140,147
32,50
227,229
128,156,23
169,225
124,203
203,210
1,164,193
141,203
222,224
194,198
187,188
128,138,180
153,84
43,46
183,46
1,187
183,47
101,195
186,198
184,186
163,167
185,46
157,9
184,198,3
180,38
123,24
144,151,197
144,151,24
120,121,201
205,217
133,222
1,184
195,222
184,3
186,5,71
142,223
133,220
102,125
157,203
129,147
186,5
124,210
124,130
136,142,210
197,38
134,207
141,157,158
209,9
103,90
102,195,203
129,222
120,124
126,144,149,151
10,133
128,138,23
203,221
124,220
101,124,141
101,141,158
166,170
105,155
146,207,224
102,146
222,229
167,169
128,150,38
167,173,176
224,229
102,195,211
129,204,208
149,24
124,227
124,158
201,210
10,101,158
131,38
13,173
205,222
121,220
16,192
13,72
141,157
120,157
134,142,147
102,136
158,209
125,146
101,146
127,231
101,124,158
127,197,231
134,209,220
120,121,157
223,9
146,224
148,192
197,231
158,184,3
193,194,9
191,193
131,180,24
125,201
121,190
135,221
164,80
164,190,5
101,198
194,2,4
16,175
1,200
10,121,190
120,121,190
165,4
135,140,221
125,225
141,190
180,231
129,208
124,141,142
165,194,2,4
134,147,203
123,150,196
190,209
173,199
133,227
1,221
10,101,157
123,231
208,224
10,186
124,142,81
134,203
187,191,193
142,224
173,67
166,176
194,4
194,221
177,200
133,223
211,217,223
130,157
17,191
186,190,71
120,186,190
203,9
157,222
10,222
147,209
118,199
174,176
211,223
133,3
135,71
135,5
48,64
1,186,190,71
1,140,186,190
231,38
129,2
136,220
131,231
164,188,194
166,174
187,191
141,220
10,141
1,190,71
101,208
195,224
140,71
101,165,2
101,158,2
184,193
201,225
198,205
205,3
208,211,223
135,164
17,184
220,9
128,231
101,157,2
136,137,142
187,193
135,140,223
125,218
1,17,191
156,231
124,209
177,2
133,136,142
208,211
149,231
10,136,137
207,221
203,209
201,227
135,223
223,3
135,198
130,195
1,4
1,191
190,71
140,211
124,204
124,190
124,223
188,5
203,208
128,24
102,129,195
10,198
186,204
201,209,224
80,9
184,198
1,191,193
134,142
120,121,141
135,137,140
135,136,140
120,134
125,177
186,68,71
198,3,4
179,5
186,68
148,167,170
124,135,141
129,210
13,134
142,200,9
173,177
16,173
133,199
184,199
165,198,4
1,187,191
164,179,188,5
10,174
15,186
173,177,68
16,173,68
134,14
135,136,137
136,137,147
1,187,191,193
173,177,199
174,176,194
146,3
192,225
164,72
173,68
120,121,124,141
133,210
134,14,142
167,170,175
118,187,191,193
176,194
119,135
186,192,71
164,188,5
140,16
102,119
119,15
179,68
164,188,68
148,163,166
148,158
124,186
167,170
136,164,5
17,200,4
118,17
190,192,71
120,190,71
167,9
118,191
148,157
101,148
136,15
173,193
125,166
146,166
204,208,217
16,191
148,157,163
101,148,157
175,2
157,158,163
118,158
118,136
142,67
209,222
191,199
105,201
205,208
146,184
208,229
204,227
101,148,158,163
186,199,200
14,67
146,198
102,142,210
114,20,95
121,147
118,165
190,192
13,15
101,184
129,195
157,198
177,198
186,71,72
148,193
160,4
157,193
207,223
8,94
186,192
120,141,147
1,118
203,229
16,56,68
118,56,68
101,148,193
163,2
129,170
136,141
176,199,200
190,200
157,190
179,191
10,179
169,186,71
173,68,72
158,177
167,170,174
160,166
157,173
199,200
166,169
129,130,195
130,81
119,13,15
1,179
118,174
169,71
199,200,68
167,169,170
101,193
15,173
16,17
1,186
1,15
109,39
170,72
155,86
125,141,9
184,71
191,56
155,73
167,194
14,191
52,73
109,86
64,75
157,17
16,4
192,71
101,56
118,16
173,2
2,56
170,173
155,52
1,173
176,190,71
176,190,72
111,86
14,157
166,4
62,64,75
1,56
140,87
167,174
2,68
118,2
106,112
108,52
191,67
177,80
23,231
71,72
118,148,193
111,55,86
114,76,95
176,71
163,194
107,52
165,17,4
165,17,187
16,187,87
13,177
117,94
56,87
179,3
186,72
173,186
176,72
71,87
177,68
39,73
107,155
118,165,4
166,186,71
16,187,56
177,4
132,86
15,190
132,73
120,195
108,73
165,68
129,147,210
121,134
112,155
175,179
105,52
166,186,192
217,227
160,166,68
148,17
120,124,129
19,31,46
121,133,134
125,142,9
186,199
20,87
174,194
121,125,133
16,17,187
130,141
13,167
190,72
24,38
186,56
124,129
39,54
42,70
16,187
135,9
130,195,81
179,94
48,75
41,46
10,133,134
185,25
43,65,66
183,43,66
117,94,95
176,190,194
14,191,67
182,45
62,64
2,4
102,136,157
170,187
170,186
170,56
105,108,55
105,111,55
29,86
15,194
108,109
132,40
119,170
13,167,170
170,194
160,94
105,108,111,55
101,102,136
121,142
120,142
109,30,86
133,146
32,35
54,73
174,87
129,140
119,170,177
170,190
160,192
176,190
194,87
130,146
163,179,72
163,179,68,72
1,16,2
170,200
111,136
155,157
142,40
14,175
125,86
140,30
101,54
108,140
102,73
16,2
170,94
185,31
109,54
107,130
119,13
137,81,9
129,157
167,177
119,177
170,68
137,146
30,86
129,137
163,68,72
176,192
182,57
191,200
130,133,141
125,140
179,186
199,2
160,194
185,45
176,192,194
1,118,165
187,56
129,146
43,45
148,80
124,133
25,46
185,41,46,69
101,120,136
15,55
146,157
1,80
163,190
190,68
25,41,69
29,94
20,8
185,69
111,132
166,194
15,52
200,67
18,183,19
109,15
187,56,80
1,187,80
4,73
119,192
105,225
118,80
66,70
164,29
16,193
186,193
106,173
166,176,194
109,52
87,94
105,119
105,167
1,16
56,80
163,71
192,68,72
105,119,167,170
25,41
42,47,66
42,66,70
29,5
190,199
200,76
108,76
160,174
181,51
87,95
204,205,221
13,177,52
13,15,52
107,109
163,192,72
118,67
164,39
170,191
165,55
55,73
118,187
17,80
163,192
108,94
105,191
208,221
10,124,81
187,2,56
160,166,194
155,72
185,41,69
185,3
111,165
109,20
166,174,194
112,5
15,52,86
107,86
105,119,167
54,72
16,186,71
167,191
177,191
148,2
187,2
25,41,46
41,46,69
105,167,170
111,4
188,31
18,69
165,54
15,86
1,67
119,167
106,39
191,46
160,176
200,66
118,25
155,182,57
173,73
187,199
76,86,95
20,76,95
114,20,76
19,200
182,191
132,67
67,73
164,30
183,190
179,73
107,15
13,46
54,55,72
25,30
118,185
31,70
31,94
177,52
83,91
220,221
16,94
106,112,39
107,25
169,8
117,173,94
118,173
166,174,176,194
14,191,200
108,177,52
67,69
165,72
107,182
187,80
107,94
163,183,190
148,155
25,86
170,66
155,190
176,94
111,19,31
13,31
163,18,190
200,94
13,5
1,107
1,73
118,132
183,186,2
140,147,210
160,8
177,25
18,199
111,163
117,41
15,40
177,179
29,30,69
117,199,94
176,183
111,67
20,47
14,200
112,40
18,190
19,45
191,94
108,188
108,43
200,68
14,68
39,67
107,39
191,66
173,19
185,200
111,41
163,18
186,200
107,41
148,67
118,2,80
118,2,56
29,46
167,170,86
179,193
163,176
176,18
107,31
16,194
183,194
18,190,41
200,87
13,76
174,183
186,41,71
160,18
41,55
41,95
176,4
175,86
16,200
109,177
132,4
117,86
186,67
191,54
177,54
118,56
118,2,67
66,94
4,5
179,192
1,71
1,179,80
16,190
186,190,5
107,119
119,25
166,173
1,176,80
119,57
200,31
112,73
107,109,52
166,72
1,132,80
214,222
183,5
186,191
160,179
67,8
164,185
176,190,5
111,163,177
111,177,72
179,194
107,109,194
132,18
121,130,195
109,166
166,179
190,4,5
13,86
188,54
190,80
174,188
164,43
183,72
174,179
179,2
19,31,70
109,200
69,94
4,72
186,86
183,190,5
174,5
186,41
191,41
173,200,68
148,179,193
17,2
20,8,95
199,71
185,43
111,80
106,164
114,191
114,87
166,183
107,225
16,177
66,68
2,67
232,55
155,54
86,95
132,14
109,191
232,54
177,182
163,187
5,94
177,47
183,186,190
132,191
183,186,71
179,2,67
112,46
173,200
177,182,57
109,13
108,232
232,41
119,86
41,54
183,190,71
127,197
160,170,194
117,173
232,95
117,177
105,169,225
183,186
160,166,167
160,163,167
160,167,176
163,170
170,176
25,94
29,42
102,142,81
194,54
108,109,119
183,186,5
160,163
19,199
199,70
112,191
109,112
203,223
19,67
163,87
182,199
203,205
114,132
204,214,223
132,65
190,5,71
108,177
170,20
119,29
144,180
15,69,8
199,57
31,40
132,14,191,67
107,109,86
54,76
203,214
105,160,166
160,169
174,66
193,57
192,31
179,182
5,67
107,164
118,148,179
2,72
155,55
192,66
155,232
201,204
201,205
56,57
5,69
109,13,15
232,73
182,67
182,56
108,65
19,86
174,71
16,177,72
47,68
174,176,68
68,80
193,225
155,41
173,47
199,56
174,176,5
14,166
132,175
13,52
179,187
167,73
148,160,174
148,173
165,191,193
181,61
164,194,198
232,70
107,13,52
232,56
191,4
43,73
16,179
148,160
46,65,69
160,174,176
160,19
111,54,55
114,20,8
182,56,57
109,119
117,187
107,187,5
17,94
45,73
184,80
15,76
41,73
173,41
163,176,31
118,56,57
15,175
109,15,86
19,232
167,45
107,117
30,68
117,148
148,41
18,42
66,73
70,72
18,76
118,45
108,119
111,148
167,31
106,39,55
185,20
159,99
119,52
232,45
15,19
112,55
174,31
69,86
149,156
155,45
13,19
140,158
118,57
105,114
220,222,224
105,169
108,30
211,218,224
218,222,224
148,15,52
176,19
111,232
114,30
203,224
123,149,24
166,68
117,55
13,66
207,209
13,199
105,20
114,94
179,65
176,68
148,185
148,182
118,70
109,13,52
184,187
174,47
148,43
111,45
112,13
109,69
15,69
232,41,54
84,99
45,57
13,182
138,231
108,56
55,69
54,57
114,20
105,69
174,232
18,46
42,43
107,42
155,29
29,56
199,232
14,56
175,65
114,63
132,30
148,167,67
160,163,174
167,170,67
14,170,56
182,185,69
182,57,69
167,65
54,86
171,97
169,56
148,167
183,25,46
167,170,56
232,66
18,19,42
15,31
18,45
232,47
118,16,192
15,67
28,51
169,170,68
169,56,68
25,46,66
173,179
15,176,67
166,56
19,192
118,192
29,39
111,155
63,76,8
166,167,173,179
167,173,179,199
15,174,176
16,232
108,109,73
169,170
167,199
175,56
103,172,83
103,172,97
185,57,69
18,41,45
185,57
232,31
18,182,41
155,40
182,41,45
183,65
107,40
40,54
31,47,66
232,42
183,185,43
31,47,70
105,112
45,69
31,66,70
111,112
187,190,3
118,179
13,56
119,174
78,92
101,147,81
39,55
109,201
126,156,197
132,29
28,64
207,218
217,222
132,39
159,82
218,224
207,214
111,222
111,223
105,223
220,229
105,221
217,218
232,25
201,54
172,82
15,199
121,124,195
91,99
107,54
201,39
112,201
109,111
172,91,99
132,201
201,40
16,163
232,57
124,147
166,67
2,5,71
191,2,5
19,232,31
57,65
105,221,223
178,64
144,156
127,128
204,218
177,190
164,225
124,157,81
187,194
127,131,23
182,183
185,42
123,128,23
101,129
188,190,194
190,194,225
131,150,24
123,150,23
150,23,24
126,128,197
126,151,197
191,80
191,200,225
103,98
101,147,158
128,131,138
203,227
128,180
131,138,180
104,159,89
79,85,92
90,91
84,92
153,91
186,2,225
103,89
89,90
82,89
182,183,41
178,49
107,73
138,144,24
132,201,40
106,201
108,52,54
166,199
13,16
119,169
148,16
13,176
14,72
1,225
16,169,68
167,179
126,138,197
125,158
15,166
187,225
150,156,23
123,126,144
133,137,140
123,144,150
187,225,80
181,75
105,224
126,150,38
126,156,38
144,150,38
126,131,150
102,135,142
105,204
126,131,38
155,201
17,198
170,179
123,126,128
126,128,38
123,127,131
126,127
123,131,144
28,48,62
184,200
177,184,190
33,64
1,190,5
201,55
111,208
208,217,52
151,231
155,223
78,84
159,171
103,171,84
104,171,84
211,30
36,61
218,73
103,82,89
121,136,81
131,180
161,83
161,89
220,223
153,99
103,89,92
178,181
27,58,75
48,61,62
78,89,92
36,50,58,75
150,231
201,204,208
102,121
102,125,135
36,50,64
128,23,231
130,158
204,207,208
20,63,95
153,78,84
178,28,37
32,62
104,82
147,81,9
104,92
123,197,23
32,48,58
20,87,95
205,214,221
101,121,157
100,82,83
104,84,99
137,147,9
137,147,81
32,48,60
34,61
101,136,146
181,48,60
58,62,75
20,76,87
27,28,35
178,37,51
28,36
48,62
180,197,231
121,136,157
128,138,144
63,95
33,35
120,121,125
150,197,231
121,136
181,35
144,231
49,51
101,137
140,9
136,146,157
181,34,60
128,150,23
137,48
101,9
102,147
150,197,23
33,34,35
171,84,99
101,137,81
27,28,61
164,191,5
2,3
128,150,197,23
48,58
1,198
19,46
111,55,73
76,8,95
31,41
153,78,82
18,47
102,121,147
120,121,147
102,125,147
183,45
101,120
60,61
51,61
172,89
178,33,34
146,9
104,171,99
153,82
232,46
108,55,73
41,66,70
201,207,223
18,182,57
20,63,87
171,78,99
18,182,183
232,65
100,103,83
101,137,9
41,46,70
31,42
201,208
63,87,95
104,78,99
104,153,78
78,82
33,34,60
19,43,45
177,188
100,103,82
196,231
232,42,65
181,62,75
181,48
185,231
172,33
18,41
161,92
41,46,66
128,131,23
204,207,220
201,211
20,63,87,95
182,183,70
127,69
166,192
182,66,70
207,220,223
204,208,220
174,192
104,91,99
137,157
118,16,56
83,89,92
20,92
33,34,37
231,69
208,220,223
166,174,192
167,169,192
169,174,192
221,227
174,56
170,199
117,8
166,169,174,56
100,83,92
100,161,92
170,173,199
199,59
150,95
118,16,173
201,205,214
201,205,227
205,221,227
16,166,56
103,84
138,87
167,174,192
100,89,92
127,131,231
150,8
201,214
78,91,99
41,70
18,182
101,140
197,23,38
181,59
36,59,75
207,232
150,76,8
185,70
121,41
114,38
214,232
192,3
101,137,140
120,147,81
34,48
63,87
102,120,81
167,170,192
222,31
157,18
232,43
157,182
118,16,166,56
211,220
177,2,200
47,66
183,66
149,8
196,8
150,205
149,95
180,20
20,231
171,205,84
140,70
106,108
128,200
114,231
223,50
211,222,223
127,38
117,76
63,99
10,101,9
214,36,75
208,87
100,87
161,87
221,63
16,184
2,200
197,8
170,192
144,20
123,8
205,8
150,76,95
119,173
223,95
20,23
78,87
70,9
114,222
102,65
171,36,84
10,157,81
222,73
153,78,89
184,197
180,8
117,150
185,232
31,9
183,70
120,18
114,63,99
114,75,99
182,232
172,27
32,48,83
101,65
222,54
100,32,48
211,222,73
123,184
153,89
136,41,46
137,66
183,66,70
104,131
54,8
40,8
185,65
111,211,73
111,149
101,31,9
140,18
100,32,48,83
101,45,9
108,177,86
117,196
149,91
3,63
149,184
100,32,89
20,59
117,149,150
111,211
208,78
102,18
127,200
114,211
223,73
157,220
211,40
231,63
118,119,16
167,186
140,41
2,87
158,182
167,170,186
16,170
103,59
185,47
111,211,222
111,99
101,31
157,70
18,70
33,34,92
18,81
211,223,54
220,65
229,54
48,82
222,43
161,43
222,63
170,174
136,91
136,45
114,144
207,64
150,78
20,82
104,70
205,43
125,18,81
117,149
227,50
221,87
158,65
140,25
229,55
150,220
20,208,82
147,69
146,65
137,65
196,220
149,45
50,63,99
184,54
32,82
211,73
214,43
3,73
149,16
1,2,8
20,25
42,66
153,59
1,8,87
128,23,95
128,76,95
23,38,95
38,76,95
204,57
123,70
177,205,86
108,205
161,18
50,63,64
50,64,99
214,40
184,211
157,3
104,56
120,41
123,208
100,83,89
48,83,89
157,158,182
158,3
121,25
66,78
221,8
150,208
78,9
205,214,40
114,128,23
114,128,38
63,64,99
171,82,84
1,87
214,54
208,214
101,171
56,91
34,82,92
184,43
177,231
38,76
1,2,87
100,32,48,89
32,83,89
123,144,20
222,8
111,8
20,31
20,70
140,57
16,31,9
205,208,214
205,40
33,34,82,92
114,128
114,23
119,166,174
125,65
50,84
220,3
50,63
16,171
102,41
125,158,182
158,57
136,18
127,25
184,55
131,95
231,59
150,99
20,200
114,38,76
65,9
104,65,91
171,50,64
231,86
111,181
144,70,82
153,36,59
138,8
150,211
127,173
204,205,208,214,40
200,221
182,81
65,83
45,9
54,56
23,38,76
147,46
167,170,200
131,50
131,84
23,76,95
10,57
157,57
20,34
20,45
204,205,208
104,157,182
65,87
27,32,48
63,73
103,32,89
136,18,81
229,55,86
20,33
104,31
167,200
121,3
184,186,192
221,54
100,103,32
211,87
221,36
149,222
131,23,38
144,199
144,70
111,118,182
20,9
31,82
205,63
200,23
200,63
118,64
222,99
177,34
123,34
180,2
158,171
138,180,8
138,65,8
117,149,150,161
123,31
34,70
33,70
174,205
106,208
166,43
166,99
149,166
174,91
123,87
118,161
120,147,46
120,41,46
147,25
157,25
192,55
144,31
102,65,8
117,150,161
31,99
180,78
120,41,69
100,103,32,83
138,65
184,192
9,99
82,87
87,9
34,87
174,221
186,208
174,186
102,180
144,87
207,59
173,45
205,214,221,40
200,208
140,45
117,149,161
137,43
137,211
101,73
184,91
103,120
125,173
123,20
205,221,40
200,211
127,222
153,214,221
157,43
104,222
111,136,81
111,136,18
16,76,95
138,78
137,205
18,227
137,200,221
157,69
127,146
120,220
117,161
147,41
102,108
149,161
102,2
157,46,69
150,158
120,167,170
200,207
18,207,73
20,31,70
100,31
101,18
182,220
146,221
184,81
41,76
208,81
73,81
197,223
157,43,46
207,208,73
20,84
200,91
114,120
125,83
184,65
34,84
222,32
118,119,16,56
102,177
103,83,89
114,46
177,223,55
204,207,227
173,84
16,33,56
100,127,200
121,231
137,146,221
140,84
214,9
147,231
100,157
204,222
119,16,56
34,89
111,144
144,33
207,211,227
78,8
150,172
150,182
20,31,9
31,82,9
161,205
186,33,92
177,223
104,120
221,231
25,64
171,25
223,55
207,86
83,95
70,82
186,33
121,171
125,171
103,48,83
117,220
192,204
204,54
161,214
41,91
222,82
161,231
120,36
167,76
108,208,73
199,25
220,59
207,221,227
117,150,220
161,33
121,34
114,167
137,146,184
171,34,84
222,86
157,54
108,54,73
171,87
103,48
118,222
222,76
120,25
25,95
101,144
205,207,227
10,173
101,173
70,95
171,20
31,36
118,205
127,33
114,75
104,114
125,221
125,140,146
220,91
137,184,186
3,9
120,221
140,56
158,173
158,31
170,75
111,221,41
57,9
146,31
198,33
171,64,99
220,227
86,9
137,184
102,40
171,56
153,184
161,196
46,54
46,73,9
174,59
207,211,220
111,3
10,31
198,31
137,31
45,78
70,73,9
221,70
69,9
108,69
166,172
76,91
10,118
136,198
170,211
173,50
173,227
111,199
91,95
125,205
1,231
104,76
221,73
153,186
102,204
207,54
173,99
76,91,95
221,69
157,65
221,86
137,147
140,40
101,119
167,198
10,56
207,46,54
34,59,87
150,161
149,223
166,231
157,221
169,23
34,59
104,111,91
140,31
166,174,211
100,32,83
16,54
222,40
104,211
186,231
108,120
140,222
16,73
101,170
25,43
172,34,59
173,229
111,167
167,205
174,211
108,214
222,91
23,43
182,25
205,55
199,211
111,205
108,121
166,211
231,37
198,3,54
161,222,91
118,140
157,41,46
157,182,46
158,25
102,25
207,56
102,182
123,172
3,86
174,231
136,86
136,73
150,64
171,173,199
137,157,31
10,70
149,177,223
157,41
186,222
136,25
211,55
102,57
1,20
125,140,43
140,54
171,229
108,40
119,171
128,184
2,8
158,227
158,73
170,186,231
120,121,25
211,25
136,40
221,55
118,55
147,70
106,204,220
106,65
125,43
222,65
23,84
119,127
127,184,231
101,86
40,43
180,87
184,186,231
16,3
108,222
158,214
128,173
173,199,38
173,33
161,199,38
199,76
38,95
108,111,222
106,208,220
106,204,208
102,69
100,103,32,48,83
117,172
214,73
119,128
119,198
140,73
46,73
136,43
205,25
31,69
118,56,65
184,231
119,3
186,198,3
184,186,198
118,16,174
120,167
31,73
106,204,208,220
128,84
16,208,220
127,177,184
127,87
174,45
119,50
38,87
119,231
16,221
23,48
76,92
10,73
119,2,200
149,197,8
158,43
158,40
1,8
173,23
147,205
106,192
223,229
27,64
127,23,231
222,45
23,3
118,120
100,76
1,119,2
1,2,34
106,167,170,192
167,170,223
220,25
16,25
144,180,20
157,207
140,207
138,78,8
1,119,200
1,200,34
121,222
121,45
166,208
214,86
1,2,200
1,138,2
170,221
208,220,25
166,55
102,205
106,174
106,204,65
192,223
64,91
118,220
127,23
101,41
231,91
208,56
1,119,138,2,200
101,43,46
101,41,46
108,167,170
25,54
125,41
146,73
204,65
147,73
108,221
23,76
101,46
170,223
136,45,54
136,211,45
171,173
3,78
146,31,73
106,220
200,33
200,92
184,37
120,211
184,89
136,211
114,38,95
111,120
119,33
1,138,200
172,32
45,54
10,54
211,54
118,211
101,43
104,171
16,222
222,56
136,69
114,38,76,95
177,78
205,214,40,86
119,200
108,167,223
10,45,54
214,73,86
117,161,196
137,56
10,211,54
41,43
119,34
147,222
149,177
102,136,25
10,45
214,40,86
227,43
138,2,200
50,64,89,99
227,46
10,111,170
3,8
121,205
106,221
174,69
204,208,220,221
167,220
101,41,43
1,173,2
50,64,89
121,136,221
207,55
10,170,211,54
138,177,8
138,149,8
150,161,38
173,231
220,57
166,69
171,75,84
104,231
153,27
170,45
140,157,207
153,173
103,33,92
103,33,34
102,120,121
208,65
138,177
27,99
104,153
153,231
136,192
144,20,87
8,92
150,75
137,57
149,78
106,182
146,223
192,220
104,153,171
104,153,91
161,38
167,55
174,55
128,150,171,23,84
82,95
111,45,54
111,192
223,31,73
121,221
223,86
37,83
192,9
100,117
144,180,197
111,170
174,55,69
1,138,78,8
128,150,23,38
205,214,223,40
106,182,204
120,121,221
214,223,86
146,86
171,38
118,147
2,200,8
2,78
197,20
140,157,158
10,170,54
10,111,45
76,78
106,204
167,69
182,208
211,45,54
117,184
147,16,222
200,8
114,171,76,84,95
205,223,40
10,211,45,54
150,89
123,144,87
128,150,161
128,150,184
173,91
76,84,95
229,57
114,171,84
171,76,84
118,147,16
123,180,87
144,197,20
102,121,136
120,136,221
199,84
214,31
146,205
192,205
33,82,92
50,76
101,227
161,186
111,170,54
102,120,136
136,221
222,55
173,184
114,199
10,111,45,54
223,31
223,73,86
128,171,84
171,23,84
137,220
128,161
104,150
137,56,57
180,20,87
108,167,69
114,184
171,38,84
27,91
48,76
184,27
184,76
197,87
102,121,25
222,70
182,204
108,166
137,229
147,16
108,167
186,27
137,220,57
100,37
32,92
128,171,38
186,48
27,89
125,46
144,50
59,63
20,99
37,48,83
149,150,161
111,211,54
2,200,78
27,32,89
27,48,89
1,138,8
177,199
100,27,32
100,27,48
1,78
127,78
127,200,231
184,83
104,64,99
2,231
10,111,54
192,31,73
200,37
125,227
171,186,84
34,50,92
223,40
182,204,208
171,186
177,48
119,59
171,184
100,184
103,199
64,84,99
111,211,45
147,222,70
200,99
23,99
171,64,84
153,91,99
56,9
184,23
2,34
50,64,84
2,92
186,91
108,174
10,111
144,197,20,87
10,170
221,25
27,82
27,82,89
10,170,45,54
167,55,69
172,173
64,84
104,186
10,170,45
128,23,84
1,138
104,153,99
231,34
177,198,2
100,27,89
177,8
146,223,73
214,223,40
170,211,54
170,45,54
111,170,45
231,8
220,57,9
108,174,69
182,204,65
100,27,83
177,198,3
172,2
197,64
150,33
171,27,84
153,198
127,2
172,36,59,75
173,32
114,84
138,2
180,89
173,198
27,37,89
158,207
205,25,40
150,50
117,153,161
153,161,99
180,197,20
25,40
117,149,153,99
3,34
149,153,161
102,136,204
205,214,223
117,99
150,59
125,227,41
64,82
211,45
117,149,153,161
23,27
37,89
170,54
150,34
200,34
182,223
102,220
147,55
200,36
102,121,221
149,172
23,87
161,184
199,91
117,75
128,23,87
161,75
177,36
119,149
25,55
119,186
157,158,207
207,41
147,54
128,184,23,87
119,87
23,38,87
184,38
158,207,41
136,204
167,174,55
137,55
220,56
119,23
23,63
16,70
205,214,86
146,40
119,128,23
119,128,38
149,153
20,89
1,197
166,174,55
38,59
198,95
3,95
147,16,70
120,205
192,73
38,63
10,207
120,205,214
125,227,43
171,172
128,63
198,76
119,38
123,27
223,40,86
50,84,91
1,138,197
167,174,69
1,138,87
32,37,89
167,174,55,69
205,214,223,86
214,223,73
127,2,78
197,78
157,158,41
138,34
103,50
184,50
2,78,87
102,136,221
150,63
161,63
100,32,83,89
199,92
137,229,57
172,37
10,170,211
170,211,45
117,59
76,83
103,34,92
146,205,73
103,33,82
137,222
144,20,23
150,161,59
146,223,31
205,223,86
172,196
100,2
117,161,172
120,214
161,172,59
150,161,172
205,214,73
200,50
104,184
103,171,34
149,196
136,221,25
121,221,25
150,84
117,50
102,55
121,25,40
111,211,45,54
10,111,211
103,32,33
161,84
118,147,222
2,82
220,229,57
34,37,48
103,37,82
37,48,82
171,64,91
150,76
114,37
100,48,83
104,171,64
221,65
161,50,84
198,37
102,120,221
196,91
150,82
20,38
3,32
150,153,161
198,200,3
153,161,91
10,170,211,45
205,223,40,86
103,27,48
205,40,86
119,200,48
180,198
104,2
198,199,3
103,200
172,34
153,84,99
84,91,99
180,3
10,111,170,54
200,59
198,199
200,82
198,84
153,84,91,99
153,196
102,221,25
106,182,208
172,200
153,89,99
102,136,221,25
120,136,25
198,3,84
198,84,91
149,99
153,32
150,89,99
150,153,99
199,3
199,82
1,231,87
48,92
100,150
173,3
100,198,99
100,153,99
10,211,45
100,91
59,84
101,227,46
184,186,198,3
100,173
173,198,3
117,153
197,198,87
140,157,158,207
100,114,76
198,3,87
108,166,69
123,37
1,2,231
114,89,95
101,125,46
146,223,86
172,198
10,211
140,158,207
127,20
167,70
37,82
118,16,222
125,222
128,50
171,36
2,36
89,99
36,8
1,78,87
186,32
117,89
186,59
118,147,70
104,84
75,87
173,83
31,86
137,174,9
108,137
121,136,25
198,48
150,173
119,177,200
117,119
174,9
120,121,136,221
106,208,65
1,2,33,87
173,92
114,63,95
198,89
1,87,89
140,170
150,153
137,174
1,89
100,32,37
3,91
231,87
3,36
149,161,76,95
111,227
231,78,87
114,149,161,76
204,208,65
1,184,186,2
33,48,89
114,149,161,76,95
208,57
208,220,57
10,111,211,54
120,221,25
108,174,55
144,184
1,173,92
103,173
118,222,70
1,103,173
114,161,76,95
172,184
117,198
123,50
158,46
1,173,199
147,174
184,186,3
158,41
149,76,95
137,57,9
114,149
101,174
171,177
1,173,89
186,89
144,171
114,149,76,95
108,166,174
184,186,2
121,204
1,199,2
1,199,89
1,199
138,197,78
138,197,8
104,50,84
227,41
149,76
2,27
2,48
184,78
205,86
3,84
104,198
149,161,76
125,43,46
23,32
104,171,50
2,37
1,173,87
104,171,50,64
192,86
117,149,76
177,82
161,76
138,197,8,87
173,78
184,48
149,27
149,89
197,8,87
153,64
149,50
173,37
114,48,95
104,50,64,91
231,76
184,63
114,149,95
34,83
205,31
114,198
184,84
108,147
123,144,180
114,150
123,180,20
114,48
27,83,89
23,95
161,95
114,117,161
114,153,99
37,48,89
205,73
104,50,64
114,161,76
180,76
184,186,199
229,9
198,231
108,167,55
173,184,186
10,111,211,45,54
128,171
2,33
153,37
117,38
161,76,95
16,222,70
111,170,211
114,161
173,48
1,48
114,161,95
204,220,65
198,50,84
199,89
144,36
199,48
125,41,43
27,84
171,48,84
128,23,63
104,3
177,83
221,50
101,16
222,41
184,199,2
147,207
102,182,65
221,91
46,64
23,70
128,174
184,222
174,204
177,27
186,2,46
207,99
78,8,87
111,23
111,171
221,33
125,99
45,50
101,177
153,63
166,2
125,184,46
186,207
125,186
174,99
137,50
153,157
166,2,221
125,2,221
186,46
111,158
140,55
16,55
177,59
57,84
114,220
63,83
100,153,83
50,65
1,157
204,50
16,161
166,174,2
2,207
184,186,46
136,57
55,76
125,207,221
150,227
173,211
111,118
106,65,84
106,182,84
172,177
222,227,54
101,123
16,227
198,222
125,2
158,221,70
158,161
125,207
161,207
150,83
117,150,196
150,48
102,173
10,199
199,45
205,50
106,182,65
10,166
2,221
158,207,221
158,207,220
50,95
153,57
231,57
153,65
198,64
127,43
1,117
198,99
108,229
177,211
118,227
177,75
3,76
172,197
111,197
55,9
16,221,55
111,184
200,38
23,50,84
117,138
117,186
221,56
184,186,76
174,2
136,64
55,82
138,205
222,33
114,50
64,86
138,3
10,157,211
161,167
16,89
136,200
136,223
103,55
150,207,220
200,86
204,221,65
138,198
117,9
117,167
184,75
158,223
136,173
108,170
150,196,220
199,214
200,205
106,221,65
127,223
108,182
208,221,65
43,54
157,211
186,75
102,149
186,63
173,89
158,207,223
32,36,59
207,220,86
127,199
128,95
84,95
111,16,56
121,127
108,223
166,54
172,32,36
157,45
54,9
118,54
149,214
2,9
158,16
64,76
138,36
118,82
108,157
103,138,197,55
121,231,25
140,231,25
150,55
173,64
111,222,54
101,20
204,214,65
186,64
103,180
87,89
150,158,207,220
111,9
127,140
16,73,9
87,92
180,36
55,56
171,95
149,205
182,40
118,16,9
197,198
50,84,95
111,16
200,231
172,64
157,167
153,184,186
119,2
2,38
197,3
16,222,55
16,55,56
150,20
198,78
36,78
184,31
180,33
166,86
138,82
100,27,37
227,73
3,82
231,82
144,173
144,150,20
103,8
111,56
186,31
231,78
10,157,70
117,200
140,182
172,48
186,27,37
119,161
119,197
121,207,220
149,173,199
161,20
196,20
31,78
172,31
16,205
120,121,220
174,86
36,82
128,76
118,9
16,222,73
56,73
118,54,55
31,75
31,92
103,31
31,33
171,83
229,86
149,173
173,20
177,20
123,200,231
1,123,231
3,38
161,177,38
149,2
166,46
174,46
149,199
199,20
198,3,31
138,31
186,82
123,177
33,89,92
27,33,89
10,136,157
10,136,70
41,57
119,31
220,41
2,31
117,31
106,214
101,182
182,211
150,31
149,31
205,9
102,125,221
127,186
16,40
73,9
119,177,184,231
161,3
220,55
150,199
173,95
70,86
1,119
118,214
118,73
119,177,184,186
121,167
166,170,174
144,149,75
207,25
222,46
170,40
192,207
111,222,9
223,57
1,119,184
149,75
119,177,184
158,9
144,20,75
150,186
150,36
205,54
101,182,220
166,222
102,221,222
144,75
199,95
20,75
174,70
16,182
221,45
119,177,231
2,84
111,140
220,40
16,9
119,184
177,184,186
2,23
111,146
166,73
125,137,45
108,73,86
196,3
102,46
170,222
121,140,25
103,33,37
157,223
103,27
118,16,73
108,118,73
225,81
111,137,221,45
108,16
111,137
204,70
140,220
192,222
127,177,231
1,127,231
118,222,56
16,222,56
120,192,25
108,9
177,186,231
166,170,9
121,43
117,3
1,184,231
177,184,231
119,177,186
57,73
158,166,207
101,121,25
153,172
128,2
111,125
111,221
137,45
222,55,56
111,137,45
192,57
10,192
102,45
100,32,82
167,40
111,56,9
205,57
167,86
101,121
101,220
10,46,57
167,56
211,223,234
174,227
10,182
1,177,184
45,55
198,8
223,70
192,221
16,45
106,125
214,234
125,137,73
102,192,221
192,221,222
40,9
136,54
137,234
192,220,221
192,43
229,73
192,25
117,198,3
137,25
10,46
158,207,222
121,234,25
111,118,56
170,234
111,16,9
125,208
118,16,45
173,63
120,31
102,70
166,174,73
101,57
120,25,31
158,234
136,70
167,57
125,69
166,167,174
166,174,86
16,229
161,198,3
192,46
147,31
117,161,3
46,9
111,46
158,221
147,25,31
207,31
221,31
223,234
117,161,198,3
120,170
222,57
211,234
1,127
180,99
101,222
167,227
101,167
102,166
170,55
103,150
231,50
227,55
207,221,55
127,184,186
234,57
31,41,43
121,31
23,38,84
1,177,186
1,184,186
16,207
220,234
120,121,25,31
192,227
157,55
167,43
231,32
120,204
31,55
207,221,73
114,173
108,70
174,41
158,204
55,65
200,64
123,8,87
149,20
120,121,31
41,43,69
220,234,43
125,31
103,27,33
227,54
147,204
173,76
171,199
234,31
153,78,99
104,200
120,234
45,86
157,227
208,25
234,55
157,207,221
153,180,78
220,43
147,220
192,45
147,86
147,167
149,36
146,70
140,234
146,234
136,46
108,25
43,65
120,43
120,221,55
120,207,221
166,31
137,140,234
118,229
120,69
120,65
108,167,192
158,55
221,43
111,65
127,184
221,41,43
140,46
43,9
120,31,69
125,41,65
137,167
174,208
207,43
120,207
101,40
41,9
140,46,70
182,43,9
123,198
161,198
157,158,221
199,63
221,57
227,234
103,37
146,46
111,43
146,227,234
54,69
137,208
137,40
229,41
234,86
140,65
138,197,87
140,234,46,65
101,70
106,25
123,173,63
234,65
227,65
136,208
137,147,31
158,174
125,55
207,65
234,73
222,54,73
211,229
123,138,197
147,221
16,65
207,69
182,86
211,65
1,127,184
157,170
101,120,41
196,87
171,2
181,81
108,207
121,234
101,108
167,41
101,55
10,140,57
147,166,174
227,9
102,158,65
120,121,234
33,37,89
158,234,43
158,234,41
10,16,45
104,200,91
101,234
157,221,55
111,147
101,120,234
102,207,223
234,41,65
101,120,43
220,46
125,55,73
221,55,73
161,197
158,222,54
166,41
1,119,177
221,54,73
120,41,43
158,54
174,25
166,214
101,204
120,208
173,8
170,70
102,207
103,150,27
1,127,177
234,41
101,121,43
223,43
137,205,65
101,120,121
223,227
137,220,65
127,177,186
138,8,87
137,205,220
205,220,65
137,214
136,16
136,16,56
173,199,63
136,56
207,73
173,199,95
114,173,95
10,182,57
101,120,121,43
120,121,41,43
40,46
111,234
102,69,70
101,121,41
101,25
205,65
192,208
111,211,223
166,167,192
10,157,57
205,214,220
166,204
120,125,43
118,157
166,167,170
207,234
101,120,125
137,205,214,220
167,222
125,25
118,207
137,214,220
192,41
231,99
166,170,192
106,170
118,16,207
16,86
150,27
173,199,76
223,54
125,174
214,65
174,73
114,173,76
234,9
196,198,3
158,69
146,229
118,136,56
101,25,41
10,55
166,234
102,234
125,167
166,167,174,234
102,192
120,147,31
150,27,37
102,205,214
222,54,55
120,70
222,223,9
205,214,65
167,170,174,192
137,205,221
222,223,234
227,86
177,180
120,25,41
222,223,55
173,63,95
223,45
101,120,25,41
180,59
208,31
1,75
101,120,41,43
120,16
204,31
118,223
146,208
1,91
102,48
123,161
136,69,70
173,199,63,95
125,127
138,153
108,227
111,138,197
170,43
59,83
180,9
180,222
136,37
207,208
111,138
37,84
220,99
214,45
221,227,86
108,221,86
167,99
123,46
3,37
198,3,45
100,43
198,2,3
136,3
100,59
198,70
200,220
166,182
123,65
37,54
153,220
127,171
108,227,86
123,137
1,198,3
136,36
144,153
64,65
1,171
214,75
103,184,186
197,55
41,43,46
31,46
111,138,223
50,73
100,147,231
103,184
123,222
144,2
138,197,223
1,144,20
214,231
10,231
123,221
10,204
204,73
111,2
180,55
1,55
101,31,41
200,75
119,232
137,65,83
146,231
23,37
23,45
117,161,75
214,3
161,9
2,54
2,211
55,78
1,149,55
223,8
111,123
211,78
106,157
137,222,65
137,204,65
138,223,8
166,87
137,198,3
36,9
118,119,56
199,46
149,55
196,65
137,3
101,211
221,227,91
128,3
23,34
50,59
20,204
167,234
123,232
125,128,3
167,37
36,86
167,75
161,73
1,158
20,222
140,50
100,231
100,222
147,2
101,41,43,46
172,50
172,65
125,198
76,84
222,3
76,84,89
180,55,78
111,137,65
127,54
198,225,3
153,177
136,76
144,16
111,50
111,137,211,65
232,69,70
119,220
104,32
123,16
136,232,70
136,95
137,50,65
38,99
161,222
114,150,76
167,20
70,76
231,234
125,48
100,3
120,161
225,48
16,204
75,84,89
100,158
32,42
20,3
227,232
103,75,84
10,127
211,9
114,136
185,199
111,166
114,69
117,172,50
137,153
120,91
101,31,46
136,234
170,25
153,25
173,185,199
10,205
234,69,70
137,232
150,229
173,199,221
171,185
153,200
166,184
146,225
177,50
153,50
147,161
104,161
149,174
104,25
111,211,56
103,125
36,83
146,36
16,56,65
16,211,56
153,227
101,31,41,46
100,144
118,78
232,69
100,182
166,198
31,41,46
136,232,69
199,33
86,99
174,225
114,136,95
136,185
59,92
183,86
177,99
101,19
120,183
136,76,95
211,66
185,211
57,83
114,70
117,140
171,89
114,136,76
147,150
19,31,41
172,205
63,65,99
137,65,99
127,47
101,19,41
147,196
123,23,38
103,59,89
137,46,65
158,83
101,150
102,84
37,47
186,99
204,47
47,73
183,227
205,75,89
137,186,46
177,66
66,8
207,36
101,8
184,8
171,3,84
123,38,45
103,117
222,229,54
19,9
153,183
158,19,31,9
66,87
144,192
31,37
69,76
172,54
137,63
161,47
41,50
118,128
183,221
46,50,65
150,158,31,9
50,66
20,66
171,59,84
10,150
106,86
125,184
172,47
137,63,99
198,54
211,75
231,75
102,3
108,198
119,204
136,186
121,144
50,8
149,8,87
20,8,87
153,199
31,32
106,205,70
161,172,47
147,172
220,54
123,45
3,46,65
170,231
114,66,76,95
198,20
16,20
70,99
171,83,84
183,192
38,45
149,87
16,180
197,41
223,46
136,31
136,232
25,47
120,184,66
173,199,227
196,57
20,78
138,20
200,56
121,47
69,84
161,172,75
9,91
186,9
183,9
208,75
174,198,3
144,158
121,25,47
207,231
205,37
205,27
10,200
121,147,47
101,223
214,220,86
108,214,86
128,63,99
174,198
41,48
197,42
184,66
1,66
120,59
138,59
173,69
57,91
114,69,70
16,37
37,87
208,32
32,40
214,32
149,183
19,48
186,76
19,222
197,223,8
16,167,170
153,55
234,42
27,59
234,43
223,76
118,56,84
138,171
32,54
128,196
153,48
111,40,55
106,111,55
27,32,33
232,234
16,223
223,56
196,38
161,180
149,180,197
138,180,197
16,166,170
150,69
43,45,70
114,99
123,180,197
123,196,197
161,170
25,31,47
222,25
43,66,70
43,45,66
34,59,75
207,229
222,234
16,166,167
161,188
167,170,173
25,45
131,63
131,8
183,19,41
25,47,66
47,66,70
166,181
31,43,45
138,180,38
19,46,57
41,46,57
25,47,66,70
234,43,45
211,220,223
37,50,64
123,138,180
25,47,70
232,234,31
234,45
183,19,46
50,59,64
127,150,231
16,69
138,169
128,169
25,66
181,31
182,19,57
232,234,43
56,69
232,43,66
171,90
33,37,48
36,50,59
27,32,37,48
33,36,59
32,48,64
50,75
180,196
25,47,69
131,232
183,42,65
164,5,71
31,65,70
47,65,70
180,91
46,66,70
234,66
41,47
128,131,197
200,5
217,229
1,164,190
177,184,191
164,193,3
235,236
124,135,142
181,37
235,50
181,50,75
181,235
236,34
198,80
191,5,71
234,70
235,50,75
235,36,37
235,75
91,97
236,36
153,159
181,33,58
172,92
235,51
51,60,62
181,236
235,58
236,62
201,229
164,165,193
203,217
181,51,60
193,3,80
198,3,80
235,61
187,198,3
151,23
165,80
37,50,61
121,158
101,124
199,225
235,28
100,89,97
100,159,89
159,89
10,135
163,225
13,225
142,195
195,210
179,225
164,2,5
130,210
90,97
84,97,99
235,59,60
235,36
181,235,61
159,172,97
159,88,97
188,198,200
235,60
60,62
235,62
236,28
188,198
1,164,2,5
104,159,85
169,188
169,193
164,169
28,59
104,85,89
104,89
148,225
159,85,89
102,133,140
225,68
161,98
175,68
165,169
201,217,224
173,225
133,140,9
102,140,9
134,158
1,164,5
236,75
59,62
179,199,72
10,102
125,141
235,27
78,79,92
203,204,205
232,25,42,57
232,25,42
235,33
37,58
37,59
33,37,61
130,142
235,37,61
235,37
235,59
235,59,61
129,134
124,134
169,80
32,35,58
169,3
16,163,68
141,210,9
102,133,195
156,35
35,62
135,146
102,140,146
102,140,195
101,130,140
235,34
131,197,23
27,33,36
102,135,158
10,195
146,195,210
134,195,210
169,184
102,134,195
121,133
102,134,137
136,158
167,175,176
158,210
19,25,69
10,121,142
43,70
185,25,47
19,42
10,141,142
102,134
102,134,158
42,45,70
129,130,135
195,232
10,101,142
102,130,141
10,120
130,134
102,130
130,140
28,75
101,142,210
144,196
196,24
10,101,134
10,142,147
10,124,142
101,140,210
10,134,142,147
121,124,142
101,133,140
10,102,142
159,88
130,135,9
121,134,137
138,151
129,135,9
102,124,147
101,133,140,141
10,102,124
198,4
167,225
101,140,141
236,64
124,142,210
214,229
10,142,210
169,191
10,137,142
13,173,175
175,67
133,140,158
170,67
225,72
169,194
129,135,147
10,124,140
142,157
33,59
236,60
167,175,192
129,158
10,135,81
16,160
156,24,38
156,38
127,128,180
121,210
10,140,141
125,134,136
135,137,9
101,158,210
134,136,147
123,131,23
128,197,231
102,136,147
123,131,38
78,97
131,180,23
140,141,157
140,157,9
135,157
125,133
135,142,147
181,235,236
235,49
133,135,142
235,35,60
136,210,81
186,190,194
135,142,157
58,61
236,58
209,211
204,223
164,186
128,156,197
208,227
101,136,210
128,180,197
181,51,75
211,221,223
146,81
49,75
203,204,208
236,61
147,157
131,144,150
131,150,38
28,48,61
180,197,23
144,151,196
138,144,151
161,91
203,222
231,24
158,195
236,35
235,35,61
193,198
101,195,210
101,210,81
205,221,224
203,221,224
193,198,80
186,194,4
203,217,224
151,196
169,186
125,195,210
51,59
130,136,137
101,102,125
127,180
101,102,195
101,124,81
169,200
188,193,200
203,207
101,195,81
169,4
169,186,194
173,179,68
124,134,81
136,147,157
208,223
140,210,81
17,188
127,24
221,224,227
211,218
102,195,210
16,166,179
208,218,220
203,211
102,129,210
129,210,81
203,211,223
16,225
195,210,81
102,124,195
102,195,210,81
203,224,227
119,72
134,137,140
208,214,218
203,208,218
141,146,210
135,140,210
120,140,210
83,84
171,84,97
124,130,137
124,134,137
129,141
101,133,158
103,78,79
126,24
10,124,137
134,157
104,97,98
165,194
164,4
103,104,97
190,194,2
106,52
1,186,71
100,85,90
184,198,3,5
100,23
151,91
104,144,150
144,91
23,90
101,125,195
184,198,5
193,200,80
100,83,90
121,157,195
153,171,99
235,35
129,130,9
127,156,231
165,190,2
27,58
177,200,80
177,191,80
88,98
90,92
84,90
103,153,78
171,78,97
167,175,225
177,191,200
83,89,90
177,193,200
161,90
175,225
171,172,84
79,89
119,167,170
172,84,99
153,78,97
100,84
153,97
191,193,80
159,169
85,97
201,84
153,191,88
191,193,200
171,201
191,200,88
165,186,71
165,186,5
103,5
184,79
177,193
104,79
78,83,92
85,98
104,78,90
100,201
153,159,161,172
171,98
163,199,72
200,89
78,90
171,98,99
153,5
78,85
79,85
160,173
191,200,80
163,179,67
187,190,5
17,190,5
18,232
187,5
66,92
79,90,92
19,234
84,97,98,99
1,45
153,161,172
191,193,200,80
193,47,80
159,66
177,193,80
18,65
100,98
2,66
177,91
169,79
177,186,71
234,46
198,90
18,234
234,69
100,46
28,35,60
100,65
19,198
200,25
17,193
92,99
19,43
92,97
185,66
71,90
36,59,61
153,18
186,79
193,46
19,85
100,171,83
19,99
200,232
71,80
89,90,92
159,183
161,183
51,58
159,70
172,43
183,84
153,19
117,20
14,16
172,42
236,50
78,90,92
83,90,92
172,234
49,62
27,32,51
100,19
236,60,62
28,33,35
28,34,35
37,49
27,51,61
181,235,58
236,60,75
105,109,30
188,98
60,62,75
1,46
236,62,75
159,164,188
182,91
190,46
18,99
5,99
193,66
42,91
42,45
236,60,62,75
5,90
117,185,66
105,29,30
200,83
60,75
190,25
185,87
32,35,48
28,35,48
171,92,97
185,66,94
164,66
83,90,99
161,232
27,37,61
190,76
83,85,89
161,43,57
172,57
114,79
13,16,166
188,94
190,92
25,80
5,66
94,97
171,80
200,46
114,59
59,76
166,225
177,94
188,5,71
14,148,16
104,193
186,58
200,79
166,225,67
153,80
62,97
66,98
8,98
90,94
1,184,20
57,79
188,79
183,3
148,170
18,66
100,185
33,57
165,198
165,190
161,97,99
184,94
1,184,3
19,61
185,89
100,83,85
161,58
185,97
165,183
35,94
161,172,99
172,49
153,79,83
117,164
103,94
3,94
164,188,46
193,25
193,71
235,58,75
103,185
100,159,90
184,35
35,84
177,71
165,185,2
161,25
66,70,76
57,66
164,42
108,155,86
164,18
104,161,172
19,5
118,173,68
118,192,68
148,179,72
83,85,90
181,91
16,173,199
185,92
185,186
191,236
100,88,90
161,172,97
104,89,97
182,183,46
181,25
177,191,193
200,236
119,67
174,67
177,193,200,80
181,76
185,235
118,176
45,61
41,46,50
19,234,66
118,16,176
33,41
148,176,68
118,68
148,16,176
37,42
179,192,199
117,70
117,47
148,72
176,179
18,43
177,186,190
188,43
186,51
193,194,80
185,94
153,78,79
234,25
193,58
165,94
163,179,192
177,190,71
48,60
103,171,89
25,70
114,186
104,172,98
104,172,97
117,27
5,80
184,61
41,61
234,47
182,94
183,94
124,125,195
19,47,69
35,5
43,47,65
48,94
148,174
161,85
193,5
194,199
185,48
176,67
194,94
164,191,200
36,60
194,68
25,33
19,66,69
181,191
165,8
166,174,176
194,28
179,33
117,71
225,94
164,94
188,48
236,68
148,191,193
148,191,80
170,95
170,5
179,234,42
199,28
13,15,95
1,185
49,71
183,71
163,5
15,163
190,192,68,71
114,68
13,170,185
114,185
236,5
179,234
28,4
15,5
14,194
177,72
179,192,68
179,186,68
5,58
185,80
182,234
179,186,63
186,192,68
148,177
170,184
185,76
153,78,91
18,19,70
114,165
192,63
15,60
15,25
59,60
173,56
186,4
148,236
173,61
163,95
117,64
129,81,9
167,61
68,71
13,170
170,175
173,28
199,35
165,56
186,235
169,45
34,51
117,193
33,51,61
18,60
15,200
4,94
183,4
45,60
119,188
15,188
184,3,62
184,3,5
164,193,80
179,187,192
35,72
179,186,192
28,94
164,191,80
15,177
179,68,71
198,35
117,63
47,5
167,5
18,234,46
198,25
117,25
165,199
185,191
15,185
236,4
57,80
15,33
200,43
198,200,4
18,46,65
234,42,65
58,80
185,63
133,140,81
164,167
148,28
148,95
164,181
174,176,184
174,194,3
114,177
164,188,225
174,184,3
58,71
16,191,200
114,190
35,4
184,2,3
170,35
148,48
148,236,62
16,191,193
164,181,5
31,76
200,51
17,187,68
1,187,68
45,57,66
177,236
182,45,57
48,80
17,68
14,148,191,193
14,191,193,80
164,20
165,184,3
71,75
16,36
184,72
14,193,80
14,67,80
14,33
163,61
15,61
184,68
170,80
170,61
185,47,66
14,193,67
188,67
164,50
164,188,190
193,62
14,177
14,188
13,28
67,80
16,67
188,191
3,71
199,33,37
14,164
166,3
164,188,80
225,76
148,177,200
14,80
184,194,3,4
184,194,198,3
148,200
148,191
16,193,200
14,15,31
194,3,4
175,188
175,5
179,190
163,188
16,177,191
173,194
14,31,80
194,36
164,175
118,175
4,75
174,60
174,48
37,68
48,68
173,176,194
194,36,61
31,80
184,4
163,188,5
184,62
148,16,191
148,177,193
199,61
164,31,71
35,80
164,186,190
184,3,72
164,186,71
61,68
148,16,200
163,186
148,16,193
164,49
184,198,3,4
163,186,5,71
148,33
16,167,193
102,142,147
165,175
198,3,35
163,186,5
164,186,5
16,33
164,33
13,71
163,164
167,173,68
1,167,68
173,4
174,176,61
176,48
118,175,5
200,72
166,179,192
177,35
16,80
184,190,3
28,72
1,68
191,198,2
119,14,175
14,225
118,200
166,5
167,4
72,80
236,62,68
181,36,59
173,35
174,4
50,62
164,179
148,175,176
199,37,51
119,14
13,61
16,56,72
15,68
166,175
14,60
176,56
148,173,68
148,163,173
15,176
185,234
48,50,61
49,60
150,156,180
190,191
198,5
164,193,2
181,33,51
112,54
58,59,64
236,34,60
28,34,60
181,64
36,59,64
236,34,35
37,48,61
236,32
58,64
176,188
33,34,49,60
15,4
166,173,68
119,71
160,71
160,56
169,176
35,61,62
15,192
179,71
160,68
236,49
119,169,179
236,51
175,72
15,174
163,173
184,194,225
59,61,64
188,71
176,199
100,103,90
159,84
106,73
106,39,73
236,28,61
120,129,9
177,187,190
172,83,85
106,155
153,78,92
104,172,83
14,15
28,50,64
2,225
51,75
49,51,64
28,58
236,33
27,35
236,48
32,33,50
29,54
160,167
10,101,81
118,160
30,54
112,30
13,163
28,61,62
133,140,142
167,67
30,40
171,91,92
164,198
2,4,71
184,4,71
169,67
177,184,187
225,4,71
135,158,81
112,86
164,190,3
190,194,198
192,194
100,83,99
192,67
187,190,194
1,188
13,179,68
190,225,71
217,220,224
1,191,5
100,88
171,78,92
171,79,92
191,68
181,32,60
165,188,194
169,173,175
2,200,3
164,2,3
181,236,75
236,51,75
190,194,4
101,158,81
32,34,58
167,173,175
37,48,50
32,48,50
187,198,80
187,3,80
236,37
102,130,135
176,192,68
125,141,147
120,157,81
13,148,163
130,157,81
130,140,81
205,208,227
130,140,157
140,157,81
130,147,157
147,157,81
193,240
121,130,147
240,3
187,190,191
164,240
2,240
136,146,81
18,182,65
61,64,75
181,61,75
140,147,195
181,59,61
181,33,59
211,214
240,80
29,52
181,28,33
236,59
235,28,33
13,169
10,81,9
184,198,71
177,240
131,68
187,240
14,15,175
15,163,192
188,199
14,198
171,97,98
14,3
118,13
14,167
126,131,138
153,98,99
118,240
126,231
13,240
175,200
107,30
103,153,99
173,188
103,79,97
1,14,164
1,167
175,193
103,97,99
148,175,191
174,194,72
163,80
1,14
118,194
175,3
191,192
14,2
179,193,4
164,192
240,71
176,240,68
148,187
1,163,2
167,170,190
173,80
200,240
179,4
177,192
232,47,57
232,45,47
170,177
15,3
169,5
14,174,188
194,240
1,169
240,56
167,80
1,174
103,97,98
183,232
103,79,99
28,61,75
13,188
103,153,79
172,97,98
103,79,98
120,130,9
167,170,80
175,80
100,159,171
153,172,99
155,39
16,188
164,170
170,177,191
106,112,155
105,112,155
175,191
111,39
105,106,112
107,108
108,39
63,8
118,71
176,240
123,126,131
182,232,31
29,30,73
188,68
106,30,73
16,71
175,190
111,39,52
167,173,80
118,188
203,208,209
176,200
108,112
107,111,155
112,132,54
205,211
164,173,80
204,211,220
140,142,210
218,229
135,142,81
164,170,177
105,111,52
164,170,191
234,66,70
132,155
167,170,177
108,109,132,54
109,132,54
138,149
108,132,54
240,68
108,109,132
108,109,54
109,55
111,132,73
101,125,210
201,204,205
29,40
105,40
201,222,223
164,177
167,173,192
17,240
167,192,80
108,29,30
23,60
167,190,192
201,205,221
192,80
29,30,40
181,49
204,205,224
33,58
105,52,86
176,194,200
13,200
13,176,200
13,16,200
13,194
17,71
173,192,80
167,170,191
209,223
13,176,194
13,194,200
176,194,68
188,240
10,124,157
175,177
13,16,17
118,188,240
118,240,56
173,190
164,167,191
13,188,240
188,200,68
164,170,192
188,200,71
16,200,68
16,188,68
232,25,31
106,112,86
16,17,200
176,194,240
160,240
176,194,71
175,177,80
33,75
188,56
160,176,194
176,200,240
15,163,166
1,15,166
170,177,190
181,225
164,175,80
28,62,75
164,170,175
225,58
201,223,224
160,176,194,68
3,68
36,49
160,174,176,194
1,14,67
118,188,2
173,177,80
5,68,71
167,173,177
173,191
163,188,200
16,240
148,193,199
148,184
1,240
193,199,4
14,71
188,240,3
163,3
14,175,67
2,200,80
15,166,170
201,208,217
176,177
175,191,67
163,200
105,73,86
195,9
193,3,68
192,3,68
131,149,150
207,208,221
14,175,191,67
1,200,4
187,72
163,188,4
118,164
179,186,192,68
109,112,39
40,55
16,173,200
164,56
1,186,192
14,167,191
166,191
163,4
1,192
14,166,191
13,190
148,164
177,187,2
16,164
240,4
235,32
184,56
148,4
186,192,72
119,240
163,193
176,5
179,192,72
1,72
15,170
235,27,33
16,200,4
1,192,72
235,27,32
1,186,72
119,164
235,32,33
203,218
177,190,2
15,167,170
132,54,55
209,214,221
169,199,225
1,174,194
186,190,68
119,193
118,16,200
118,193
118,177
173,240
32,33,37
163,169
39,86
188,4,80
1,186,190
148,164,193
164,173
176,5,71
28,48
160,169,199
163,164,193
175,240,4
166,191,67
163,240
148,240
15,191
163,169,199
175,240
179,190,72
177,184,198
160,163,169,199
179,68,72
188,193,240
181,28,48
49,64
179,192,68,72
181,32,62
164,166,191
200,223
179,208,214
193,68
164,190,209
164,188,209
175,204
132,52
192,5
28,32
174,222
181,28,35
177,179,192
177,192,72
164,188,190,5
15,71
198,68
1,148
167,209
15,209
188,190,5
177,179,72
203,240
16,193,240
109,132,86
109,132,73
192,4
13,222
119,193,240
200,209
191,209
176,194,5
176,225
1,175
166,191,200
179,190,192
148,175,2
1,175,2
163,176,199
1,119,175
188,4,5
214,220,221
132,73,86
132,54,73
179,198,72
174,191
190,192,72
203,72
179,203,68
17,177
15,218
181,28,64
173,193,240
166,71
14,200,67
166,174,5
186,188,4
187,203
184,203
198,207
198,203
194,218
13,227
188,218
174,3
164,186,4
164,188,4
191,211
225,227
186,188,4,5
186,188,71
177,68,72
14,222
164,166
191,222
200,222
13,164
191,214
15,227
2,209
25,31,45
174,190,194
119,175
166,200
177,207
107,54,73
179,218
10,124,195
14,15,67
17,175
177,204,207,218
4,5,71
119,80
193,2,80
107,55
204,207,208,218
177,218
170,220
160,200
209,240
204,208,3
204,208,218
119,177,193
175,207
186,4,71
119,13,193
169,201
14,166,200,67
218,221,223
203,4
164,67
218,221,224
119,191
119,176,199
13,176,199
214,80
214,240
217,240
173,179,72
199,203
118,5
187,223
205,207,208
207,208,224
200,5,71
236,28,34
107,55,73
181,236,34
169,176,199
107,112,73
148,175,179
181,236,28
118,166,174
14,192,72
187,71
13,170,68
119,13,170
173,175,179
14,192
119,170,68
205,221,223
148,173,175
205,221,223,224
208,221,223
148,173,179
205,207,224
13,192
13,174
27,62
191,240
119,163
148,179,68
148,81
181,34,36
204,205,207,224
191,225,80
28,48,51
137,147,158
184,193,200
204,205,207
119,179
240,5
17,194
108,52,73
28,35,37
28,35,50
190,193,80
204,207,223
170,193
205,207,223
207,223,224
30,52
203,223,224
184,198,240
184,240,3
193,56
184,240
194,56
1,166
32,34,51
221,222,229
221,222,227
179,198
198,72
164,176
36,64,75
36,62,64
34,48,60
221,222,224
33,35,50
13,3
32,34,61
34,60,61
123,131,150
15,174,3
34,48,61
108,30,73
32,62,75
32,51,75
101,102,210
10,130,136
32,51,62,75
207,222,224
147,195
51,60,61
163,169,179
101,136,137
211,223,229
177,184,188
102,124,130
133,142,147,9
188,225,5
184,191,3
142,147,9
121,124,140
102,130,210
10,157,158
190,240
133,142,9
236,48,51
13,163,175
102,120,124
102,124,140
191,194,5
27,28,37
10,133,142
133,142,147
236,48,62
184,194,3
101,125,137
188,4,71
188,225,4
34,36,48
36,48,62
120,124,140
125,136,210
125,137,210
236,36,48,62
32,61,64
188,190,4
32,51,61
147,195,9
48,62,75
209,214,224
236,34,51
204,229
141,195,9
123,138,180,197
126,131,24
101,130
128,33
123,138,180,24
29,55,86
231,60
225,240
141,147,81
124,130,210
108,109,39,40
108,109,40,55
155,73,86
107,29,30
52,58
120,121,124,137
132,59
135,195
27,50,58
101,141,9
10,102,158
10,144
49,50
105,81
109,210
10,157,55
105,131,81
150,210
158,86
120,29,30
126,142
132,149
101,136,195
127,55
121,29,30
235,50,58,59
128,142
120,121,30
101,141,195
105,231
120,124,30
105,131
133,231
126,9
124,23
124,132
10,158,54
120,29
108,52,86
125,30
10,157,54
136,141,9
235,28,58
183,234
141,146,9
235,28,37
142,23
106,23
106,134
105,134
136,140,9
140,141,9
231,9
120,124,137
210,54
210,231
136,151
235,33,37
120,135,137
126,146,9
101,141,195,231
120,124,135,137
106,144
141,86
105,120
102,23
120,124,135
130,132
151,86
101,105,131
141,52
105,133
101,105,81
210,52
150,197,24
10,136,158
125,29,30
28,50,59
150,157,24
102,131
126,155
134,52
105,140
102,107
131,142
123,155
156,54
126,134
156,158
144,155,180
108,134
131,52
23,52
180,52
134,150
131,137
27,50,59
108,210
151,155
130,23
210,23
136,157,158
235,37,58
27,35,50
156,210
112,52,86
120,121,124,135
151,54
125,29
120,121,135,144
107,142
121,124,135
10,158,210
136,158,210
157,158,210
132,142
120,124,135,9
134,38
194,3,5
128,147
107,134
231,55
102,130,142
184,194,5
47,57,65
108,146
126,180,24
183,46,57
57,66,70
134,136,142,147
19,25,31,57
131,135
134,136,142
130,133
125,134,142
235,59,75
148,16,166
150,185
38,57
196,234
156,65
128,183
144,43
144,234
144,232
126,19
163,166,68
127,150,151
127,151,231
120,124,9
10,66
10,234
111,132,54
144,180,24
18,234,65
182,183,19
111,185
109,232,31
234,47,65
25,52
128,150,156
106,109,112
121,124,9
10,130,195
102,130,195
130,141,195
109,19
52,66
19,52
10,130,157
141,157,195
107,19
32,48,51
133,141,142
102,141,142
54,66
201,211,217
105,46
105,182
27,28,33
155,29,52
105,132,73
181,33,35
105,111,132
134,136,146
18,185,234
18,185,234,66
18,185,45
102,137,142
177,194,5
106,108,86
27,34,50
177,184,5
114,8
27,34,60
50,60
171,172,98
155,30
201,204,221
111,132,55
201,209,221
106,107,86
182,43
108,55,86
29,30,52
108,112,86
153,85
108,112,55
132,29,73
120,136,146
159,161,97
153,83,98
114,45
214,223,224
111,40
106,31
105,211
114,66
105,222
19,76
85,92
105,109,86
103,84,99
177,191,5
104,172,90
84,98,99
109,40
114,172
201,217,221
79,85,90
126,131,144
201,209,223
117,153,159
234,87
117,153,94
104,83,89
107,112,86
100,172,92
153,94
234,8
153,159,94
104,89,99
19,41,46
112,132,86
100,103,92
90,97,98
19,57,65
107,112,132
89,94
117,159
112,132,52
112,132,29
132,29,52
104,172,84
104,84,97
105,111,155
20,78,87
25,31,42
221,222,223
82,97
171,85
85,89,99
171,85,89
1,177,194
1,190,194
153,95
171,82
117,87
1,177,190
100,78,85
100,85,97
106,29,54
204,208,224
106,29,73
82,98,99
159,84,91
186,187,190
177,191,194
177,190,194
100,171,172
106,29,52
20,94,95
201,209,220
20,94
171,172,99
171,97,99
105,112,73
105,29,73
91,98
100,103,85
171,172,97
159,171,84
85,90,92
159,171,172
159,172,91
104,172,91
100,83,85,90
214,218,221
205,209,221
208,209,224
205,209,224
201,218,221
82,98
79,89,92
118,166,170
214,217,218
118,173,174
104,82,99
161,82
79,89,91
204,211
171,82,98
148,16,174
203,211,222
204,211,223
148,163,174
208,217,224
203,207,220
15,166,176
166,176,199
134,195
125,142,81
174,175
203,220
209,229
181,32,33
105,109,155
181,235,64
27,35,48
35,48,61
181,61,64
236,27
27,48,61
181,48,61,64
181,35,61
181,48,61
25,45,57
181,236,35,48
119,160
232,25,57
34,36,58
181,27,75
131,58
181,27,51
181,35,62
35,48,58
106,107,112
105,107,112
14,15,72
169,170,72
106,29,39
30,55
166,170,199
194,80
166,169,170
106,111,112
166,169,199
148,166
105,106,111
169,170,199
118,166,173
201,208,222
148,160,166
39,73,86
39,40,73
30,39
134,86
132,30,52
137,73
134,29
172,85,90
135,136,157
160,163,166
160,166,199
29,30,86
209,218
153,78,98
121,30,86
121,40
125,147,81
101,125,147
120,137,146
132,29,30
121,147,40
10,134,157
104,91,98
85,91,98
136,142,9
137,142,9
120,133,140
1,177,191
1,191,3
191,3,5
120,133
10,101,147
111,29,55
111,29,30
153,171,91
153,171,82
177,184,3
136,157,210
14,199,67
177,194,3
121,133,81
120,121,81
177,191,3
159,79,85
236,50,61
153,171,172
23,59
121,81,9
101,137,157
158,59
121,142,9
142,81,9
186,200,4
186,190,200
10,102,134
10,134,147
153,171,84
218,227
10,102,134,147
142,158,9
201,207,224
207,218,224
166,177
221,30
108,132,55
235,36,75
217,30
120,142,146
205,214,217
211,214,217
132,221
123,136
102,134,147
112,222
30,39,86
101,156
103,79,92
54,55,73
75,91
29,30,39
185,66,70
18,182,234
85,89,92
201,211,223
18,234,43,57
182,43,57
172,84,98
32,9
32,91
136,68
121,86
211,222,223,229
157,86
157,209
148,173,199
101,157,210
123,144,23
126,33
121,133,140
121,146
138,16
138,184
217,50
23,80
103,208
16,170,68
16,179,68
209,30
17,225
214,98
123,91
170,179,68
209,29
138,150,24
111,229
127,225
208,80
75,80
184,198,225
48,61,79
123,224
222,66
133,82
148,67,72
170,173,179
170,179,192
16,173,179
157,31
102,112
120,121,9
133,35
192,211
149,171,50
149,171,23
127,68
231,68
55,85
231,85
150,91
173,199,236
108,223,54
50,86
211,86
72,86
126,50
102,30
211,231
16,231
221,23
120,68
179,210
158,186
111,167,170
209,29,30
201,30
33,49,92
174,200
232,86
166,174,177
101,157,45
54,61
40,48
101,157,9
184,214
147,208
148,161
32,61,85
173,236
161,223
133,72
153,172,98
146,179
101,179
103,48,79
222,61
72,79
132,210
214,55
144,29
211,29
185,222
177,232
177,223,231
30,84
214,217,40
133,85
199,236
211,57
126,200
133,32
211,50
217,40
149,221
103,222
172,25
111,217
31,54
133,33
234,54
149,232
153,172,179
171,54
180,221
153,16
158,192
132,25
153,66
111,214
112,205
112,217
147,18
200,47
127,146,200
223,231
108,35
50,54,84
103,108
108,149
209,39
133,33,92
125,171,84
146,47
138,61
179,54
132,218
221,61
221,24
111,85
133,232,29
18,92
119,200,223
200,223,231
127,223,231
103,35,79
171,186,50,84
16,179,192
132,184
16,179,72
148,18
120,46
158,184,198
211,222,55
209,57
156,95
167,236
177,33
218,234
114,133
146,172
126,16
163,30
211,222,54
153,47
123,48
235,36,59,75
126,95
156,18
172,47,98
81,84
126,161
167,211
132,186
183,87
108,180
186,218
123,63
63,85
158,198
29,81
144,24,31
166,8
209,61
101,173,199
10,101,199
114,156,95
200,223,234
49,82
132,45
61,82
18,68
148,8
177,55
29,84
173,79
218,236
112,214
18,184
223,231,234
127,231,234
119,121,224
1,114
208,35
126,149,161
1,179,72
50,92
16,81
184,68,8
18,184,68
50,85
126,149,150,161
33,9
223,234,50
126,232
172,61
172,224
117,98
9,92
231,98
224,81
170,9
108,177,55
114,207
126,149,150
112,227
221,75
140,231
208,48
119,224
148,198
103,46
46,79
108,177,211,55
235,36,59
236,63,76
198,236,76
108,31
114,224
179,221
163,184
208,68
218,68
120,171,25
177,211,55
24,8
198,236
211,31
18,87
172,50,84,98
153,172,50
192,54
177,222,54
171,208
120,140,231
48,61,89
61,82,89
48,85,89
108,136
173,9
173,30
23,236
147,236
33,61,82
101,133,223
10,101,133
17,179
120,171
167,184
177,222
125,39
146,39
136,208,218
111,144,73
173,31
17,173
199,223
236,80
1,31
121,33
147,33
114,63,76
221,84
108,211,54
148,224
158,18
25,29
29,33
150,231,86
173,199,223
156,76,95
236,67
146,18
35,79
125,224
119,179,192
1,227
224,9
163,73
108,72
119,192,68
18,39
158,218
25,9
146,25
214,25
217,25
222,29
144,236
16,209
236,95
179,236
138,24,78
114,179
171,172,221
153,84,98
140,86
221,32
156,177
163,179,68
148,211
101,157,89
224,39
167,170,23
117,150,161,231
173,205
102,236,76
217,31
223,78
18,9
1,17,200,67
114,153
133,208
125,140,224
153,50,84
198,87
184,87
210,76,95
1,210
127,231,85
138,223,78,8
199,80
102,236
172,236
1,33
79,84,92
177,84
117,156
1,79
50,79
101,149
119,92
49,68
170,177,222
133,25
146,207
108,207,227
138,78,87
108,227,54
224,40
10,149
148,205
36,89
55,80
1,17,223,8
173,49
111,173
161,236
186,236
172,50,98
125,214
1,17,67
120,30
73,80
158,184
223,82
166,98
140,16,86
50,82
101,82
184,82
222,231
111,173,68
148,210
231,29
111,173,229,80
140,31,9
171,33,92
172,63
32,98
153,61
161,177
111,173,68,80
10,158,223
132,42
224,31
140,224
148,179,192
1,10,158
32,48,85
127,170
211,55,80
136,199
144,8
117,150,161,84
236,82
121,18
1,10,101
211,72
218,40
153,63,98
1,157,158
211,223,55
111,223,55
121,42
144,78
132,207
112,209
108,173
177,199,80
112,120
211,223,80
1,10,101,157
140,200
173,68,80
1,158,198
207,9
173,223,80
114,156,76,95
24,78
179,192,205
114,153,76
17,67
224,86
59,82
173,199,80
112,234
166,17
127,166
133,198
101,79
167,231
171,210
112,25
133,144
108,234
101,192
10,101,177
132,211
140,186
144,48,61
146,82
102,103
174,79
210,85
207,39
205,39
207,40
150,171,84
121,209
112,121,217
125,92
119,17,67
231,80
171,61
231,72
120,140,156
39,40,54
205,39,40
136,85
144,48
173,222
23,78
121,214,30
121,217
127,174
117,171
23,9
173,199,68
148,222
223,55,67
18,207
111,222,223
111,211,229
138,23,78
18,224
121,214
17,72
224,54
132,227
132,208
170,39
218,25
171,236
18,218
167,229
10,101,174
153,24
148,40
29,31
234,29
217,29
171,235,59,84
209,217,86
231,33
16,192,72
163,222,80
211,80
79,9
153,23
140,156
140,85
111,211,55
209,86
75,95
236,32,98
18,217
179,200
192,200
171,235,84
231,84
1,184,198
179,80
222,80
221,40
101,231
163,186,198
210,79
117,150,156,161
209,31
236,32,61
132,205
217,234,86
186,223
166,186
153,23,84
120,127
10,171
221,68
148,200,67
16,39
144,61,85
167,25
208,218,29
150,156,161
111,121
208,218,31
18,217,234
121,174
163,223
10,101,171
200,54,68
45,68
170,214
170,73
121,55
198,55
209,29,31
209,218,31
111,166,184
205,67
10,101,171,84
54,80
101,171,50
163,211
174,184
108,170,73
192,205,40
121,223
166,80
217,86
10,171,50
119,163,177
148,205,40,67
148,39,40,67
199,207,224
173,184,45
101,84
227,80
103,9
148,39,67
102,140,210
209,218,29
199,224
132,218,31
101,33
1,223
180,84
222,45,54
184,45,54
1,229
177,40
132,222
123,76
177,39
218,29
17,199,200
1,111,211
132,31
16,205,72
114,61
61,76
148,205,67
149,157,158
236,85
1,111,179
148,205,40
163,25
125,76
40,67
102,92
32,48,89
126,158
149,158
144,85
163,199,25
111,25,80
132,218,29
111,179
205,72
102,114
103,133
184,45
101,126
24,87
223,25
186,55
199,207
1,111
125,23
149,157
102,210,89
150,171,50
1,111,227
18,86
217,234
125,153
1,211,227
198,221
184,221
102,144,210
112,18
18,30
114,123
166,223
125,84
132,208,218
153,231,98
148,39
177,39,67
39,40,67
101,126,158
49,84
34,9
180,24,87
167,221
223,68
148,177,67
210,84
208,29
119,207
132,209,218
1,211,221
119,221
174,223,68
161,210
146,158
136,98
144,32
132,209
236,48,61
10,126
144,89
210,32
125,85
170,214,73
136,149
102,144
112,217,234
171,49
198,222,54
148,16,205
102,89
23,8,87
111,211,221
179,223
10,84
184,198,54
179,229
23,24,87
10,158,50
10,158,82
23,24,8
103,236
171,49,84
236,89
1,25
108,170,214
132,209,29
173,222,45,54
236,92
33,84,92
33,50,84
157,172
126,48
120,82
163,224
149,98
236,85,89
10,158,33
180,24,8
173,54
218,31
102,35
210,89
101,158,50
119,199,224
163,199,224
179,205,67
234,30
153,157,172
221,227,229
157,231
148,179,205
158,50
119,207,224
132,209,31
127,157,231
210,24
79,85,89
157,158,231
132,208,29
179,205
103,146
126,84
236,79
217,30,86
32,48,79
108,214,73
218,29,31
179,205,40
133,49
126,172,98
171,49,50
126,180,98
211,221,227
24,82
153,180,98
79,89,9
132,208,209
123,95
179,205,72
166,200,223
126,157
123,158,95
163,25,80
208,209,218
123,63,95
171,33,84
223,80
102,125,231
1,221,227
120,156
140,149
208,29,31
127,9
102,24
126,78
132,208,31
112,234,86
112,30,86
125,138,24
50,61,84
163,224,25
177,205
125,138
125,231
138,9
177,67
170,42
23,8
125,8
10,236
174,223
35,9
61,84
111,25
144,79
1,111,221
112,217,86
125,87
198,45
173,198,222
173,198,45
117,153,98
10,50
102,87
102,231
108,170,214,73
208,209,29
182,73
149,150,23
112,217,30
144,79,89
153,210
125,24,8
18,234,86
102,125,87
138,24,8
236,61,79
172,50,84
146,156
1,221,229
126,144,85,89
10,101,157,158
138,180,24,8
150,98
150,87
125,127,231
82,9
144,85,89
126,85
49,8
140,150
133,34
171,172,84,98
120,34
10,101,157,210
10,101,136,157
224,25
59,79
150,156,8
153,171,172,84
171,84,98
1,211
157,59
138,149,24
126,32
157,87
61,79,89
61,85,89
133,8
126,172
157,82
61,89,92
61,85,92
136,87
144,157
146,8
126,133
101,138
101,87
144,98
59,95
157,158,236
10,85
10,157,236
112,208
198,45,54
126,89
217,29,86
112,217,29
150,61
10,103,157
156,33
120,89
112,209,29
157,8
111,221,227
184,222,45,54
61,9
10,61
148,179,40
150,50,82
24,79
103,136
144,149,150
149,150,24
16,179,205
126,76
184,198,222,54
179,40
136,34
102,149,150
17,223
133,24
125,149
32,79,85
114,126
136,157,82
156,236
111,211,227
112,217,30,86
157,33
149,236
102,172
184,222,54
171,35
10,172
208,209,218,29
144,149,87
208,209,31
153,236
120,84
102,153
180,24,61,8
102,153,172
102,172,231
24,48
24,89
172,23
10,82
163,55
132,208,218,29
132,208,209,29
114,34
126,63
210,33
61,79,85
236,79,85
102,8
236,9
1,211,221,227
236,32,85
149,150,92
133,48
126,146
133,98
153,35
153,34
148,39,40
112,18,217
140,161
136,23
144,149,150,92
125,172
157,23
144,149,92
125,59
236,8
173,45,54
1,111,211,221
214,30
186,80
198,224
163,207
102,8,87
33,50,92
172,76
102,231,87
102,85
136,157,23
103,114
34,35,9
149,48
172,231
149,61
119,163,224
231,89
102,172,8
136,35
117,149,161,95
184,222,45
200,223,68
126,59
102,231,8
23,33,50
172,87
157,180
158,180,23
10,158,180
166,25
102,114,95
24,33
127,140,146
120,171,98
120,153,98
108,217,73
10,158,180,23
136,24
120,33
214,30,73
153,171,98
158,78
136,157,24
10,180
149,63
210,50
108,42
144,32,61
144,61,79
138,180,78,8
102,33
120,171,84
140,171
157,34
157,24
210,82
18,217,86
120,140,84
140,171,84
210,61
33,8
186,25
157,23,8
16,179,205,72
23,33
32,61,89
8,85
136,78
172,8
182,214,73
103,34,35
157,50
10,101,23
101,102,23
157,78
33,82,84
138,157
136,236
133,34,35
108,214,217
167,223,25
156,63,95
63,76,95
157,236
144,63
120,140,61
156,79
148,16,205,72
102,140,158,81
33,98
146,50
123,32
156,23,63
148,205,72
133,89
157,236,89
136,157,85
18,73
217,73
157,89
170,182
156,63
133,35,89
133,61,89
133,85,89
136,156
89,9
16,205,40
133,61
172,9
148,177,205
33,63
133,61,9
133,61,85
35,61,85
125,144,79
31,68
125,144
125,23,8,87
222,68
10,158,23
140,146,156
157,63
10,144,158
173,222,54
18,217,30
17,174,200
156,84
63,92
17,174,200,68
210,35
103,158
10,144,24
138,84
210,35,9
210,92
101,144,24
156,92
158,231
10,101,144
101,24
138,153,172
111,223,25
153,172,78
101,133,35
101,35,9
123,149,180
210,34
17,199
214,217,31
133,35,9
170,217
138,98
10,136,157,158
171,33,82,84
138,172
148,179,205,72
32,95
108,182,73
210,59
133,50
138,144,172
144,172,24
138,153,98
103,210
144,172
171,59,75
111,223,80
217,234,30,86
167,223
102,34
150,79
138,172,98
23,61
148,16,179,205
217,234,30
10,35
120,75
23,89
114,156
120,171,75
140,23
10,158,231
132,208,29,31
171,235
132,29,31
166,17,200
103,231
148,16,179
147,89
117,231
147,50
102,75
144,78,8
24,8,87
182,214
120,50
231,61
231,36
170,182,73
144,78,8,87
144,33,8
125,95
17,200,223
171,50,92
101,136,157
146,171
103,138
123,126,23
210,98
102,59
138,78,82
126,149,180
147,34
125,147,171
147,171,84
120,92
210,75
132,209,218,29
184,198,222
161,36,75
157,95
133,153
150,36,75
102,150
17,199,224
123,84
10,101,210
125,24
192,40
156,61
171,180
192,205,72
171,8
173,222,45
16,192,205
147,84
9,98
17,174
179,39
153,8
173,184,198
174,211,223
120,125,84
146,75
120,24
119,199,207
101,61
198,222,45
147,63
120,63
111,68
108,170,182
148,40,67
199,224,25
119,18
184,198,45,54
10,150,210
10,101,150
173,198,54
138,153,24
126,136
223,72
144,231,87
138,24,78,8
120,146,147
123,157
158,180
170,18
125,150
125,161
111,200,68
170,50
163,199,207
209,84,92
171,182,50
182,84
102,125,150
182,209
172,35
103,24
182,209,95
209,95
156,217,95
166,17,200,223
17,174,223
125,63
171,23,50,84,92
76,86
214,29
171,73
158,89
170,18,29,86
156,23,95
24,35
156,23,50
10,32
132,214
224,92
208,42
120,150
112,214,217
35,98
217,54
186,211
158,48,89
186,209
177,31
167,18,234
17,200,222
166,227
103,133,82
50,84,92
208,54
186,221
119,63
158,48,85,89
158,48,61,89
173,224
1,205
17,222
192,84
108,208,54
174,80
1,39
199,209
209,72
112,31
156,50
132,198
112,207
209,67
112,221
166,221
133,153,98
179,227
227,72
163,184,198
180,98
163,177
148,209
123,158
10,101,136
16,17,199
132,208,211
184,223,68,80
1,209
133,172
157,79
85,87
170,86
173,207
231,8,87
199,200,80
16,198
18,234,8
112,223
17,221
138,73
171,50,84,92
186,39
208,55
234,79
119,132
132,63
119,208
123,89
200,210
55,59
120,42
133,221
222,35
146,63
117,146
112,210
210,36
158,198,199
25,75
18,8
17,231,87
117,179
179,208
224,36
25,68
210,30
158,199
234,85
42,80
123,78
17,231
138,24,87
138,48
184,25
16,29
157,207,224
199,222
180,24,78
123,126,180
108,177,229
34,40
140,63
210,223
144,17
199,222,54
138,180,78
32,33,48,61
10,223
182,184
140,146,63
138,221
73,87
102,36
223,89
1,144
173,86
108,177,199
108,199,80
123,180,78
103,133,35
103,35,49
117,125,75
102,49
10,101,67
147,80
171,76
150,68
111,89
158,182,184
54,85
150,85
173,42,80
29,79
207,72
123,138,78
18,200
127,17
102,117,161
10,67
34,54
157,224,54
221,73,87
163,221
108,186
210,222
101,210,67
153,89,98
126,25
119,144
171,76,95
149,179,223
208,67
210,222,86
210,80
144,179
132,208,223
208,223,224
222,54,86
49,89
173,210
184,198,8
146,24
222,80,86
179,214
140,24
199,86
1,18
102,120,146
16,17,67
214,72
102,120,140
55,67
33,48,59
200,224
138,172,63
138,24,63
179,184
10,161
35,85
111,207
173,182
199,217
18,184,192
17,18
200,234
221,234
179,184,192,72
10,123
148,73
45,85
173,25
18,55
127,144,149
31,50
186,205
33,45
18,192
16,17,234
172,34,63
138,146
180,49
208,211,218
214,217,224
156,171
108,231
140,180
23,92
148,207
35,79,85
231,25
132,208,211,223
163,166,174
163,166,177
132,208,211,218
227,231
148,207,217
148,18,207
173,40
111,224
16,18
146,161
101,127
117,123
120,87
36,92
156,76
148,217
208,39
218,39
138,153,8
31,95
112,214,224
146,98
149,210
126,144,149
17,207
31,8
18,80
161,24
148,18,217
45,8
171,33,34
23,35
132,177
221,224,73
177,208
102,23,85
173,208,218
111,186
184,234
102,63
132,148,67
132,148,18
157,210,231
23,85
186,198,25
144,149,45
79,95
172,235
102,79
85,95
144,95
167,207
199,222,86
18,221
133,79
125,140,147
127,84
63,79
148,234
207,80
18,67
102,127
80,86
10,87
10,24
136,231
186,25,31
10,138,8
199,80,86
177,18
234,67
222,67
101,36
148,18,234
112,218
125,146,147
102,127,23
117,127
231,48
180,48
102,76
140,150,158
119,170,174
170,29
108,199
16,17,223
101,172
10,138
16,211
125,140,147,158
17,211
125,147,158
125,140,158
221,234,73
184,192,72
157,171
180,231,98
179,184,72
180,48,98
148,184,72
126,149,210
120,136,157
119,163,170
200,29
18,184,72
177,229
132,174
10,24,87
148,186,234
140,147,158
173,42
10,8
18,72
18,186
17,224
199,54
126,210
31,39
23,63,95
112,163,54
101,75
227,31
112,208,214,217
101,172,75
149,32,61
153,48,98
163,184,186
136,50
119,166,170
173,18
163,17
144,210,61
16,17,31
112,208,217
211,67
149,32
132,208,217
136,84
148,45,55
111,45,55
229,31
16,17,200,223
224,30
163,184,80
23,79
156,63,76
111,148,207
199,55
186,42
111,207,45
211,221,86
211,221,73
157,76
148,45
222,31,55
198,42
184,42
199,31
163,198
102,161
148,16,17,45
126,144,210
163,184,42
111,207,221
227,31,54
234,72
208,30
144,210,32
33,34,89
207,223,234
125,140,146,147
148,16,17,200
210,32,61
144,149,210
136,171
199,42
16,17,45
173,18,199
173,18,186
132,148
173,18,80
224,73
18,184,42
173,186,80
16,179,67
205,209,30
200,73
132,148,217
166,209
17,200,73,86
224,55
199,42,80
174,29
111,223,45
180,78,98
16,200,86
16,17,73
127,63
16,73,86
148,218
16,17,25
126,144,61
179,207
111,211,223,45
18,198
166,221,224
132,217
150,158,161
108,177,186
156,23,63,95
120,157,171
108,177,18
192,234
157,84
156,157
148,208
192,234,72
211,223,45
207,211,45
18,186,199
111,207,211
207,45
108,173,177
17,40
148,214
163,42
17,205
18,184,186
227,25
163,186,42
163,186,199
177,86
120,126
140,146,158
170,221,227
101,59
163,173,199
17,217
120,126,61
10,123,87
148,209,29
163,31
16,234
223,67
16,45,73
148,166,174
16,234,45
211,223,67
17,45
45,67
214,39
163,18,199
205,208,217,40
205,208,30
163,18,186
125,150,158
170,227
125,140,150
205,208,217
222,224,54
208,40
217,39
132,205,208,40
119,30
17,234
221,227,73
144,210,32,61
149,210,32
39,42
136,144
170,224
16,17,72
179,42
16,192,200
45,72
177,199,86
112,17
205,214,218
174,182
166,207
180,48,78
180,231,78
1,200,67
182,30
167,224
1,16,17
180,231,48
17,39
10,138,24
1,163
179,224
126,144,210,61
125,140,146,158
207,30
17,179,40
126,210,61
149,210,61
1,86
163,173,186
111,218
184,223
198,211
1,163,173
17,179,192
148,18,67
211,224,55
211,223,227
1,163,186
224,54,73
108,80
30,42
173,199,211
166,174,200
30,80
211,221,227,55
205,217,40
140,146,147
101,235
211,221,55
222,223,54
173,223,224
199,223,224
199,29
1,217
111,16,17,55
163,209
179,45
16,217
173,186,199
111,16,17
16,17,205
224,42,54
222,42
199,73
16,17,192
127,82
42,54
112,177
17,192
119,166,80
111,112,55
17,55
1,42
174,177
17,42
16,17,211
224,80
173,199,200
166,173,199
148,86
163,174,186
166,173,199,200
111,112,217
10,8,87
224,45
108,148,177
167,173,200
17,208
222,224,80
67,86
184,39
111,205,55
111,17
111,217,55
221,42
209,73
173,174,200
166,173,174
111,16,205,217
112,16
125,146,158
166,173,200
186,29
10,24,8
163,186,29
173,217
173,200,222
184,73
126,144,32
132,205,217
132,217,223
119,54
163,186,200
166,224
126,210,32
126,144,32,61
163,177,186
184,234,39
166,18
179,207,39
120,61
120,149
214,218,55
17,29
111,205,54
167,17
177,67,86
221,39
125,150,158,161
218,55
166,174,199
125,147,161
157,61
119,166,173
111,222,80
112,179
166,173,80
61,95
111,200
120,157,50
119,222
153,180,48
136,157,50
136,157,61
18,209
163,166,174,186
108,224
119,163,186
136,61
112,132,205,208
25,67
119,166,200
174,224
136,171,50
136,157,171
111,72
163,45
177,224
200,54
208,234
1,177,86
186,73
184,207
39,72
177,42,86
102,150,161
17,86
108,17
102,117
223,29
120,144,61
16,17,177
184,207,214
224,234,73
108,177,72
179,86
29,45
179,18
198,214
120,144
1,148,67
214,218,40
120,144,210
42,73
127,95
198,234
132,184,198
148,25
1,166,199
76,82
1,148,16
222,224,73
76,98
1,148,16,17
234,40
108,132,208
108,132,177
136,50,84
173,55
18,185,19
1,132
148,16,17
209,25,30
207,67
119,199,200
18,208
148,16,17,179
210,95
136,157,84
209,25
112,205,29
101,59,75
102,95
126,236
163,186,234
148,17,179
112,205,209
16,17,179
10,59
16,179,200
112,200
221,80
148,205,39
144,210,236
167,42
117,125
205,29
224,234
138,76
167,170,54
222,55,80
221,222,80
223,39
111,209
16,17,179,192
148,223
205,223,39
174,234
16,17,179,72
16,179,192,72
1,208
16,17,199,72
125,158,161
205,45
111,148,223
111,205,223
209,29,43
101,172,59
1,132,166
210,236
111,205,222
148,229
132,166
207,209,29
112,214,40
183,234,67
132,17
29,43
207,29
177,65
223,232
16,41
127,158
123,24,8
132,208,222
123,24,87
144,156,210
18,19,69
180,182
182,224
172,235,36
132,16
179,72,8
16,179,8
224,57
132,72
108,19
200,55
16,66
132,208,8
108,87
184,224
132,224,66
227,8,80
163,185
232,98
108,67
1,222
120,32
132,208,224
101,85
136,144,157
101,184,25
163,59
221,227,8,80
16,57
217,69
224,35
153,49
179,41
167,170,225
132,208,25
16,177,66
16,66,70
167,29
29,35
8,80
78,80
10,16,70
179,35
65,98
127,147
167,30
10,16,177
210,63
80,85
157,208,25
221,78,8
232,30
123,133,34,82
103,67
222,72
170,225
227,66
111,198
182,231
166,179,72
140,146,76
198,63
108,148
198,210
67,85
144,32,48
1,166,179,72
192,23
126,174
120,132
234,89
136,42
170,208
207,42
10,66,70
163,173,199,200
185,61
112,232
183,33
208,232
132,232
1,166,179
101,45
126,75
126,153
30,41
147,183
183,224
63,72
123,33,89
210,221
136,150
32,35,8
119,95
138,24,95
133,185
117,236
101,41,57
166,92
47,75
101,183,41
224,24
108,163
136,207
150,161,47
111,222,229
111,112,222
235,84
222,30
40,54,73
102,184
120,66
33,35,61
1,17,200
1,17,198
103,17
180,63
65,66,70
144,80
40,54,86
225,82
112,158
105,55,73
224,29
35,75
108,40,54
45,66,70
232,43,47
35,36,75
231,235
105,108,54
132,55,73
101,66
105,29,86
34,59,60
101,47
111,132,86
235,34,60
102,157,210
133,136,147
105,112,29
112,29,30
235,58,59
235,34,59
232,234,47,57
23,62,75
24,63
153,89,92
136,75
136,32
120,181
234,43,47
10,101,102
10,181
32,35,37
157,64
181,185
235,34,58
144,149,156
148,16,170
25,45,66
234,31,43
112,24
63,76,87
235,58,60
18,58
33,37,51
18,34
50,62,75
27,33,51
133,140,146
236,36,59
105,158
120,140,146
185,60
27,33,64
124,140,146
140,142,146
140,146,81
10,146,158
181,50,64
232,57,65
32,35,61
27,28,51
32,36,75
17,240,4
17,184,4
100,85,92
56,67
19,45,66,70
19,41,66
41,57,66
188,191,4
186,188,191
17,184,188
164,17
164,17,184
164,17,191
17,191,240
164,17,191,240
187,188,190
188,190,80
17,190,80
17,187,190
17,190,3,80
17,190,3
17,193,3
17,190
17,191,3
17,190,191
17,190,193
17,188,191,193
17,191,193
188,191,80
35,48,75
147,158,81
1,194,5
13,16,163
108,111,54
1,177,5
190,240,80
190,240,5
190,193,240,5
186,240
190,193,240
198,2
101,124,157
17,187,198
198,71
190,194,5
17,187,71
134,140,146
201,9
19,81
183,81
109,155
101,102,142
101,141,142
186,191,5
124,140,141
111,73,86
10,120,134
160,72
188,194,71
188,194,3,4
65,81
190,191,3
169,170,174
186,191,71
234,81
166,169,72
118,16,67
118,119,67
119,148,179
148,169,179
16,163,176
175,176,192
10,135,158
186,3,4
101,133,142
118,169
187,193,198
185,81
118,166,169
46,81
119,169,175
184,188,4
184,188,194,4
240,3,5
14,169,72
14,176
14,169,173
175,176,72
105,214
166,170,72
124,129,136
14,15,192
164,193,5
15,169,170,174
177,187,80
17,193,4
1,164,191
105,108,29
17,190,4
164,17,190
163,173,192
14,163,192
17,187,4
1,193,71
17,4,80
108,29,73,86
173,176,192
187,193,71
1,187,193,71
108,29,86
193,198,71
187,198,71
101,125,140
124,141,157
118,14,173
1,198,71
10,124,134
14,15,173
118,15,173
163,67,72
104,84,98
104,171,98
100,90,92
198,240,80
118,15
184,187,193
15,169,179
198,240
14,169,179
14,15,179
78,82,99
169,175,179
100,171,92
43,47,69
118,72
100,104,85
118,166,176
118,176,192
240,5,80
1,240,80
1,240,5
164,240,5,80
1,240,5,80
184,193,194
164,4,5
104,92,98
187,71,80
159,171,91
34,35,58
104,159,91
3,71,80
159,161,91
187,4,5
159,161,171
84,85,97
172,98,99
100,84,99
100,84,91
187,193,3
191,193,5
102,133,137
184,193,80
104,159,171
104,159,84
104,159,84,85
13,193
13,184
177,186,193
186,193,198
164,240,4
163,167,170
173,179,199
184,187,3
164,194,200
181,200
164,75
105,108,109
190,191,5
232,41,57
186,193,3
177,186,3
172,58
104,58
75,78
75,82
118,16,175
18,232,45
118,16,199
118,14,16
18,183,25
18,183,42
184,186,71
1,184,186,71
35,61,64
48,61,64
118,14,67
14,16,67
163,192,67
119,13,167,170
119,15,167,170
18,199,66
177,190,4
164,191,5,71
118,173,56
18,47,65
15,45
164,191,71
179,18,72
15,232
179,19
184,5,71
175,66
119,167,199
166,185
18,183,47
179,19,72
118,41
160,163,176
184,193,5
17,3
32,37,50
183,25,31
163,65,66
118,19
119,41
173,185
119,15,167
14,57
57,67
164,188,193
163,174,176
170,65
14,42
173,199,232
118,173,199
14,18
41,46,65
174,176,199
14,18,67
10,146
163,19
36,58,62
235,58,62
119,13,14
119,14,67
119,13,167
119,167,67
15,18
27,49,64
27,28,49
50,51,61
163,66
34,48,51
105,29,55
16,199,66
118,16,66
173,174,176
183,69
148,42
124,125,134
199,66
141,142,147
130,137,146
136,141,142,147
14,160,163
18,182,69
13,15,167
105,54,55
236,61,64
129,195,9
101,135,147,210
27,36,59
28,36,59
176,232
120,137,81
15,183
124,129,134
236,50,64
129,146,195
50,61,64
10,141,157
102,136,210
10,142,157
140,141,142
18,19,41
101,136,147
10,140,142,157
10,140,141,142
130,34
137,48,81
34,48,81
167,19
140,142,157
124,125,133,134
19,46,66
125,133,140
120,130,135,137
102,147,158
199,41
120,130,137
102,158,210
17,187,193
32,59,62
13,15,173
32,49,51
119,13,15,167
105,109,111
120,130,137,81
32,49,50
32,50,51
141,142,157
13,43
163,47
129,41
183,66,69
195,200
133,41
195,240
120,164
147,160,163
1,193,42
182,183,66
183,47,69
163,232
164,179,4
137,190
141,163
120,80
120,174
129,135,158,210
136,194
183,47,66
133,31
137,200
130,163
141,60
141,62
141,51
195,80
124,66,69
124,70
141,142,232
146,80
147,49
137,177,4
120,140,141
184,47
60,71
163,60
183,27
124,66
133,59
163,31,71
133,60
130,140,9
163,186,71
16,5
125,170
1,177,193
235,36,58
142,232
195,69
141,65
62,9
195,51
10,157,62
164,183,5
31,59
142,199
105,106,108
120,130,65
157,60
157,19
164,183
16,184,198
19,62
124,46
19,59
105,111,112
175,3,72
134,141,210
160,163,186,71
170,81
158,200,67
142,32
148,34
158,5
134,57
140,66
181,198
164,199
176,186,71
176,65
14,27
32,33,51
232,50
182,195
27,37,51
179,67,72
177,183,190
158,19
130,25
25,51
133,194
118,133
5,65
102,134,141
18,25,81
109,55,73
10,101,66
136,41
27,37,59
119,142
142,167
176,195
10,101,70
232,9
118,35
167,195
19,240
176,46
10,101,66,70
125,181
118,199,80
175,179,192
33,62
130,198
118,49
148,9
124,50
160,177
108,155,55
135,66
10,140,66
193,35
193,199,240
193,49
163,176,71
175,179,236
175,179,72
140,69
125,50
120,137,183,190
119,19
5,72
124,129,157
134,198
160,176,186
25,56
157,66
142,19,31
62,69
164,9
15,198
140,177
15,62
141,66
192,193,72
193,28
142,62
163,176,186
182,57,70
175,179,5
133,43
133,174
120,130,140
137,195
102,174
177,51
148,169,170
158,166
136,147,194
142,173
137,173
199,240
175,198,72
146,18,47
190,234
130,71
240,43
27,3
3,51
158,17
134,176
176,186
163,33
107,30,52
102,200
1,17,187
163,9
51,9
157,163
140,51
16,19
148,61
18,19,25
232,57,66
182,232,66
3,59
27,33,59
199,50
176,80
120,194
234,64
102,187
137,190,198
47,9
28,80
184,60
140,240
10,27
120,124,130
134,140,141,195
34,48,59
146,33
190,198,5
27,34,48
102,191
134,136,210
155,55,73
164,200,59
102,164,200
164,60
29,30,54
101,129,135
235,64
157,186,71
124,28
107,39,40
140,59
133,28
125,35
141,35
146,60
140,32
101,129,157
34,36,60
102,129
124,60
112,185
194,51
102,129,135
130,35
146,32
120,49
28,49,80
101,225
106,19
28,35,49,80
17,9
137,198
51,80
183,40
191,9
186,60,71
136,158,240
105,181
142,194
157,48
157,164
158,240
130,55
232,42,66
133,80
108,86,9
101,186,71
102,186
120,124,132
106,124
171,78,98
64,80
210,48
158,191
29,58
112,58
112,48
130,64
140,62
102,107,109
10,101,135,157
10,101,129,157
142,54
13,166,175
132,187
50,62,64
164,51
124,52
112,32
10,101,129,135
101,135,157
140,141,146
10,235
157,235
158,187
112,60
35,52
133,54
157,240
111,164
112,33
106,147
33,40
133,86
129,135,157
135,186
140,146,195
147,60
124,49
136,17
236,50,62
111,157
130,194
112,195
132,177,200
35,54,9
17,177,191
141,184
54,80,9
102,109,210
136,184
155,9
111,129
194,71,9
194,86
140,33
132,35
140,34
107,51
124,54
136,184,3
134,140,195
142,155,9
106,140
132,191,200
130,186,71
130,49
49,9
102,32
102,107,50
164,184,240,3
164,240,5
91,98,99
141,50
164,3,5
107,48
136,158,190
133,142,55
135,59
17,191,225
49,80
108,48
120,124,59
210,60
194,55
102,194
186,198,71
186,3,71
140,164
102,240
108,129
108,124
137,193
155,177
155,80
194,198,3
187,28
140,36
142,54,55
106,112,195
240,52
235,240
184,198,3,80
133,54,9
102,109
142,55
142,155,86
141,33
141,34
142,86
236,52
147,35
132,158
102,155
142,34
210,28
102,111
102,132,52
109,132,52
157,35
124,58
142,35
236,62,64
140,141,195
133,155
140,52
155,50
142,86,9
102,106
132,60
28,9
134,61
134,48
134,33
133,55
140,155
140,60
155,210
101,136,158
235,54,58
155,236
35,86
17,194,4
133,28,9
17,177,4
28,55
133,142,86
142,54,9
28,54,9
210,62
109,134,147
10,101,236
109,147,52
108,235
132,141
132,195
157,28
134,58
107,64
134,62
142,50
236,86
107,50
101,132,140
106,33
10,101,140,195
235,52
102,37
10,140,195
55,62
155,36
112,61
106,27
34,86
54,60
158,58
142,155
54,64
10,146,195
132,235
10,105
10,141,195
107,61
132,136,158
136,58
181,36,62
155,54,9
155,61
107,141
55,61
142,54,86
54,86,9
132,136
111,136,158
141,55
181,59,62
236,32,36
236,36,50
27,33,61
137,58
129,135,146,195
130,27
133,58
10,101,135
210,86,9
132,147
124,135,157
101,129,52
108,141
135,146,195
10,101,129
193,240,4
106,112,40
106,108,40
106,108,52
120,142,9
29,39,40
125,147,210
135,137,146
137,146,195
102,136,158
181,62,64
192,56
124,135,137
14,170,199
14,160,174
14,160,199
101,120,157
101,134,157
134,136,140
10,125,130
141,147,158
119,15,175
15,167,175
136,140,146
166,169,68
39,40,52
177,190,5
193,240,3
107,111,73
119,176
200,98
235,28,61
190,3,80
101,142,147
105,112,86
10,141,147
33,37,60
174,199,67
15,169,56
236,33,60
119,13,56
169,174,199
160,170,179
118,160,170
1,193,194
58,60,62
240,5,71
172,58,62
10,125,140
10,140,146
181,97
188,191,200
188,191,5
236,97
164,187,190
51,97
172,58,60
172,58,97
236,58,60
172,188,225
172,225,97
191,97
124,146,157
181,60,61
172,201,97
172,223,97
236,35,37
105,97
5,91
34,36,59
36,48,59
81,97
129,97
235,50,58
187,190,71
100,78,83
200,3,71
188,194,200
188,194,3
235,48
27,37,58
50,60,62
185,65,70
