117380,117381,49727,49729,56282,56283
49729,50629
253428,49729,56281,56283
33339,49727,49729
312094,49729,50629,55675
49729,50629,56283
253428,39174,49729,56281,56283
312094,418561,49727,49729,56281,56282
117381,49729,51161,56281,56282,56283
117381,17875,312094,49729,51161,56283
117380,39174,49729,56282,56283
253428,458751,49729,56281,56283,56510
117380,39174,49727,49729
117380,39174,458845,49729,56282
49729,50629,51161
117381,49727,49729,56283
117380,117381,418561,49729,51161,56282
117380,39174,49727,49729,51161,56282
312094,458751,49729,50629,56510
117380,39174,49729
312094,418561,49729,56282,56283
17875,312094,418561,49729
117381,253428,49729,56281,56283
117381,17875,312094,49729,56283
39174,49729
117381,418561,49727,49729,56281,56282
117381,17875,312094,418561,49729
253428,39174,49729,56283
49729,55675
312094,49729,50629,51161,55675
117380,39174,458845,49727,49729,56282
312094,418561,49727,49729,56282,56283
117380,33339,49727,49729,56282
39174,49729,50629,55675
39174,458751,49729,56510
117380,117381,49727,49729,51161,56282
117381,49729,51161,56282,56283
117381,17875,418561,49729,51161,56282
49729,51161
312094,49729
117380,39174,49727,49729,56282
117380,117381,49729,51161,56282,56283
49729,56281,56283
253428,33339,49729,56281,56282,56283
418561,49727,49729,56281,56282,56283
117380,312094,39174,49729,56282,56283
33339,39174,49727,49729,56283
117380,117381,49727,51161,56282
253428,458751,49729,56281,56283
39174,49727,49729,56281
49729,56281,56282
117380,39174,49729,51161,56282,56283
117380,312094,49729,51161,56282,56283
253428,49729,50629,56281,56283
117381,17875,49727,49729,51161,56283
253428,39174,458845,49729,56281,56283
117381,17875,49729,51161,56283
458751,49729,56281,56283
17875,312094,49729,51161,56282
33339,49727,49729,56281,56283
39174,49729,50629,51161,55675
418561,49729,56281
418561,458845,49727,49729,56281,56282
49729,50629,55675,56283
39174,49727,49729,56283,56510
312094,49727,49729,51161,56510
117381,49729,56281,56282,56283
17875,49727,49729,51161,56283
312094,39174,49729,50629,55675
39174,49729,56281,56282,56283
253428,39174,49729,56281,56282,56283
117380,49727,49729,56282
312094,49729,50629,55675,56510
117380,117381,312094,49729,56282,56283
253428,39174,458751,49729,56281,56283
253428,49729,50629,56283
39174,49729,56281,56283
39174,49729,51161,56282,56283
117381,17875,312094,49727,49729,51161
117381,49729,56282,56283
49729,56510
117381,49727,49729,56282,56283
117380,39174,49729,51161,56282
49729,50629,55675
17875,312094,418561,458845,49729
253428,39174,49729,50629,56283
117381,17875,418561,458845,49729,51161
33339,39174,49729,56281,56283
117380,39174
117381,458845,49729,51161,56282,56510
458845,49729
458845,49727,49729,56282,56283,56510
49729,56282
312094,458751,49729,50629,55675,56510
117381,17875,49729,56283
117381,458845,49729,51161,56282,56283
117380,39174,49729,56282
49727,49729,56281,56283
117380,49727,49729,51161,56282
117380,117381,458845,49729,56282,56283
253428,49729,56281,56282,56283
49729,56281,56282,56283
39174,458751,49729,56281,56283
33339,39174,458845,49729,56281,56283
117381,49729,56281,56283
312094,39174,49729,56282,56283
418561,49727,49729,56282,56510
117380,312094,49729,51161,56282
253428,33339,49729,56281,56283
17875,312094,49727,49729,51161,56282
49729,50629,51161,55675
458751,49729,56281,56283,56510
49727,49729,51161
253428,33339,39174,49729,56281,56283
117381,49727,49729,56281,56282
49727,49729,56281
33339,458751,458845,49729,56281,56283
33339,49727,49729,56283,56510
117381,49727,49729,56283,56510
458751,49729
33339,49729,56283
117381,312094,418561,49729,56282
117381,17875,312094,49729,56282,56283
117381,418561,49727,49729,51161,56282
117381,418561,49729,56281,56282,56283
