20,2041
116,125,1429,20,2040,2041,2178,5666,57,6393,7512,7513
116,125,1315,2037,57
116,125,1437,20,2037,2041,44,5666,57,7512,7513,7535
116,125,57
20,57,7535
116,125,20,2041,2178,57,7512,7513
116,1315,57,6393
116,57
57,7512
20,2041,57,7512,7513
57,7513
125,57
5666,57,6393
125,44
44,57
125,2184,57
2037,57
5666,57
57,7578
20,2178,2184,7582
2178,2184,57
116,125,57,6393
125,5666
125,5666,57,6393
125,1437,20,2037,2041,44
1437,57
125,1437,20,44
125,1429
2041,57
125,7512
57,6393
57,7579
116,5666,57,6393
116,125,1315,57
116,125,2037
125,20
20,2041,2178,7512,7578
1461,57
20,5666
116,2178
116,7578
116,1315,2037,57
116,1315,1437,2037,57
116,1437
116,57,7578
1315,57,6393
116,1437,57
116,125,1429,57
57,7582
2037,57,7578
1315,57
2178,57
20,57
116,1462,57
20,2040
116,20
116,1437,20,2037,2041,44,5666,7512,7535,7582
116,125,1437,20,2037,2040,2041,2178,44,5666,7512,7535,7582
116,125,20,2040,2041,2178,44,5666,7512,7513,7582
1429,57
116,1437,20,2037,2040,2041,2178,44,5666,7512,7513,7535,7582
116,125
116,125,20,2037,2041,5666,57,6393
1462,57
20,2041,44,57
116,125,1437,20,2037,2041,2178,44,5666,7512,7513,7535,7582
125,57,6393
116,57,7578,7672
1429,44,57
116,2178,57
20,57,6393,7512
20,7582
116,125,1437,2041,57
116,125,1461,1462,20,2041,2178,5666,7512,7535,7579,7582
2040,57
125,20,2041,2178,44,7512,7513,7582
20,2041,2178,57,7512
116,125,1437,1462,57
116,125,1437,57
57,7672
116,125,1461,2041,2178,5666,57,6393,7512
116,125,1461,20,2041,2178,5666,7512,7535,7582
1437,20
116,125,1462,20,7512,7582,7672
125,20,2178,57
116,1437,57,6393
116,125,20,2041,57
2184,57
116,125,1461,1462,20,2041,2178,5666,6393,7512,7579,7672
125,2037
116,1462,2037,5666,57,6393
116,125,1461,1462,20,2040,2178,5666,7512,7535,7582,7672
20,57,7579
116,125,1462,57
1437,1462,57
116,125,1429,1437,1461,1462,20,2037,2041,2178,5666,7512,7535,7579,7582,7672
20,7579
116,125,2041,57
125,20,2041,2178,57
116,125,5666,57,6393
116,2178,5666,57
116,125,1429,1461,20,2040,2041,5666,7512,7535,7582
116,125,1429,1461,20,2037,2041,2178,2184,5666,57,7512
116,125,1429,20,2040,2041,2178,5666,7512,7535,7582
116,125,1429,1461,20,2040,2041,2178,5666,7512,7535,7582
116,2041
116,1462
116,125,20,2178,5666,7535,7582
125,1437,1461,1462,20,2037,2040,2041,2178,5666,7512,7535,7582,7672
116,57,6393
20,2041,2178,5666,57,6393,7512
116,125,20,5666,7535,7582
116,20,7582
116,1429,20,2041,5666,7512,7535,7582
116,20,2041,5666,7535,7582
116,125,1437,2037,57
20,5666,57,7512
116,125,1461,1462,57
116,125,1429,1461,20,2041,2178,2184,7512,7582
116,125,1429,1461,1462,20,2037,2040,2041,2178,2184,5666,7512,7535,7582
116,125,2037,57
116,125,2178,57,7512
116,125,1462,20,2037,2041,2178,57,7512
116,125,20,5666,57,6393
116,1429,20,2041,2178,5666,7512,7535,7582
116,125,1462,20,2041,44,57,6393
116,125,20,7582
1462,2037,2040,57
20,2184
116,1462,2040,44,57,7672
116,125,1429,57,6393
116,125,1429,20,2041,2178,5666,57,6393,7512
116,125,1462,2037,57,7672
116,125,1462,7579
20,2041,57,7512
116,125,1462,2037,57
116,20,2041,2178,5666,7512,7535,7582
2040,44
116,125,57,7578
116,125,1429,20,57,6393
116,125,1462,20,2041,2178,7512,7582
116,125,20,57,6393
116,125,20,57,6393,7512
116,125,20,2178,57
116,125,1437,1462,2037,57
116,1462,2037,57
1429,20
116,125,1437,1462,20,2037,2040,2041,2178,44,5666,7512,7535,7578,7582
116,125,20,2041,2178,7582
125,1462
125,20,5666,57,6393
125,2037,44,7578,7672
125,44,57
125,2037,57
1429,2178,2184,57
116,125,20,2041,2178,7512,7513,7582
116,125,1429,1461,1462,20,2041,2178,5666,7535,7579,7582
116,125,1462,57,6393
116,125,1429,20,2041,2178,2184,5666,7535,7582
116,125,1461,20,2041,2178,2184,5666,57,6393,7579
116,44
116,1315,57
20,2041,57
116,125,1429,1461,1462,20,2041,2178,5666,7535,7582
116,125,1315,1437,1462,57
116,125,20,2041,5666,57,6393
116,125,1437,1462,57,7672
125,7672
116,7672
116,125,20,2041,5666,57,6393,7512,7513
116,125,1429,1437,20,2037,2040,2041,2178,44,5666,7512,7582
116,125,1315,1437,2037,44,57,6393
1315,44
116,1461
125,1437,2040
