149,3
159,3
256,3
116,260,3
3,63
23,334
3,557
3,93
397,6
210,249,7
105,187,188,200,219,221,570,7
1307,200,230,231,300,7
210,249,254,255,7
200,230,231,7
102,105,126,13,1309,180,187,200,205,207,214,221,223,228,230,339,570,7
187,199,7
234,7
178,7
1329,1330,1331,1332,1333,1334,1335,1336,1337,1338,1339,1340,1341,1342,1343,1344,1345,1346,1347,1348,1349,1350,187,7
1329,1330,1331,1332,1333,1334,1335,1336,1337,1338,1339,1340,1341,1343,1344,1345,1346,1347,1348,1349,1350,187,7
217,7
205,7
1370,7
1394,7
300,7
169,200,300,7
188,200,300,7
1405,188,200,7
182,188,200,7
1127,7
1416,7
13,7
210,242,249,7
210,249,254,7
180,7
180,190,193,200,205,207,223,7
249,7
254,7
187,190,206,207,229,234,7
1421,169,228,231,237,255,300,7
1370,1375,1388,162,180,200,205,210,223,228,230,231,237,242,247,249,250,251,253,254,255,28,300,60,7
217,300,7
242,249,250,251,255,7
1421,247,255,7
104,1044,1114,116,1374,1375,1421,1423,1424,1429,1437,1450,1463,217,247,251,267,300,304,315,334,574,7
1422,7
1127,200,7
1070,1127,200,201,21,237,3,300,315,38,7
1414,169,237,300,320,368,38,7
1127,169,200,201,21,228,237,3,300,315,38,7
1127,169,200,21,228,237,3,300,315,38,7
187,205,7
275,7
102,126,13,1388,1418,1718,1719,1720,1721,182,187,199,200,205,207,221,223,275,339,570,572,574,7
13,174,182,1899,1900,1901,1902,1903,1904,1905,1906,1907,1908,1909,1910,1911,199,205,210,255,345,574,7
1719,7
126,13,1388,1418,149,1718,1719,1720,1721,1749,182,187,1921,1922,200,205,207,221,275,339,570,572,573,7
200,205,570,7
126,13,1388,1418,149,1718,1719,1720,1721,1749,182,187,1921,200,205,207,275,339,572,573,7
126,13,1388,1418,149,1718,1719,1720,1721,1749,182,187,1921,200,205,207,275,339,573,7
1235,126,1388,1418,1718,1719,1720,1721,1749,182,187,1921,200,205,207,275,339,570,573,7
105,126,1328,1405,170,176,180,187,188,190,193,200,206,207,214,216,218,221,223,229,234,241,7,775
170,7
210,237,242,249,7
207,7
1328,7
102,13,1309,1720,180,187,200,205,207,221,275,339,570,572,7
102,126,13,1309,1418,1720,180,182,187,199,200,205,207,221,223,275,339,570,572,7
102,126,13,1309,1418,1720,1721,180,182,187,199,200,205,207,221,223,275,339,570,572,7
102,126,13,1309,1418,1720,1721,180,182,187,199,200,205,207,221,223,275,339,570,572,574,7
1720,200,7
199,7
125,129,1315,1423,1424,1460,149,154,178,1989,1990,1991,205,214,242,250,254,266,277,557,60,7,9
129,1982,201,300,315,38
339,7
180,200,7
184,200,7
1421,1422,169,182,2001,300,7
200,570,7
193,7
1328,339,7
102,126,13,1309,1418,1720,1721,180,182,187,199,200,205,207,221,223,239,275,339,570,572,7
102,126,1309,1418,1720,1721,182,187,200,205,207,221,239,275,339,570,7
102,126,1309,1418,1720,1721,182,187,200,205,207,221,275,339,570,7
102,126,1388,1418,1718,1719,1720,1721,182,187,200,205,207,221,275,339,570,7
102,126,13,1309,1418,1720,1721,180,182,187,199,200,2046,205,207,221,223,275,339,570,572,574,7
102,126,13,1388,1418,1719,1720,1721,182,187,199,200,205,207,221,223,275,339,570,572,574,7
159,7
182,200,572,574,7
572,7
1309,7
182,199,200,7
102,126,13,1388,1418,1718,1719,1720,1721,182,187,200,205,207,221,223,275,339,570,572,574,7
126,13,1388,1418,149,1718,1719,1720,1721,1749,182,187,200,205,207,221,275,339,570,572,573,7
102,1235,126,1388,1418,1718,1719,1720,1721,1749,182,187,1921,1922,200,205,207,221,223,275,339,570,573,7
182,199,210,572,7
1388,1718,1720,1749,187,1922,207,221,570,572,573,7
126,13,1388,1418,149,1718,1719,1720,1721,1749,182,187,1922,200,205,207,221,275,339,570,572,573,7
126,13,1388,1418,149,1718,1719,1720,1721,1749,182,187,1922,200,205,207,221,250,275,339,570,572,573,7
126,13,1388,1418,149,1718,1719,1720,1721,1749,182,187,1921,200,205,207,255,275,339,572,573,7
1418,7
200,241,7
241,7
182,188,200,21,300,7
182,200,7
182,200,300,7
188,200,217,300,7
126,7
180,182,200,7
13,574,7
182,7
200,572,7
1044,1421,1463,251,334,7
1315,169,182,7
125,1307,1315,1437,2040
1002,1114,116,14,1421,1437,1441,1462,182,211,217,2206,226,228,247,263,275,279,300,315,559,61,63,7
104,1044,1114,116,1374,1375,1421,1422,1423,1424,1429,1437,1450,1463,217,247,251,267,300,304,315,334,574,7
182,199,249,254,7
182,199,210,249,254,7
182,199,249,7
125,129,1315,1423,1424,1425,1989,2013,2032,300,7,93
1414,228,320,7
182,199,7
1421,1441,169,217,228,279,300,315,7
169,228,7
423,8
2319,2320,423,8
2319,423,8
2319,423,508,8
2319,2322,8
2322,8
2319,8
1019,2319,2326,8
1036,1060,140,77
427,8
1254,2320,2326,2356,2360,8
2364,8
2319,2320,8
2320,8
1254,1255,1271,141,171,2090,2319,2320,2322,2348,2356,2357,2379,2380,2382,2388,2389,2390,2391,350,423,552
2382,8
1071,1073,1084,1090,1092,1133,1221,1224,125,2537,2538,2539,2540,2541,2542,2543,2544,304,8,85,93,957,964
2348,8
1004,1020,1124,1301,2318,2319,2559,2560,2561,2562,2563,2564,2565,2566,2567,2568,2569,2570,2571,2572,2573,46,8
2380,8
2357,8
423,508,8
1255,8
1071,8
2326,8
2326,2356,8
1041,115,12,2326,2384,63,8
2320,2367,8
1254,141,2090,2319,2322,2348,2356,2357,2364,2367,2372,2379,2380,2382,2391,2616,2641,2642,2643,2644,2645,2646,423
1047,1053,140,141,23,2367,2382,2562,304,61,63
115,140,2319,2367
2367,8
242,9
112,1424,1425,1426,1427,149,154,178,199,205,210,214,237,242,247,249,250,252,254,255,277,557,60,7,9
130,172,21,2112,228,237,303,4,84,9
201,21,228,237,3,300,315,38,9
110,2697,2700,2714,2734,2738
17,2697
15,24,2690,2752,2760,2761,2762,2763,2764,2765,2766,2767,2768,2769,2770,2771,2772,2773,2774,2775,2776,2777,2778,33
15,24,2690,2752,2761,2762,2763,2764,2765,2766,2767,2768,2769,2770,2771,2772,2773,2774,2775,2776,2777,2778,33
17,2540
1114,17
138,2700,2702,2836
17,2798
1421,17
17,2736
17,2697,2736,2798
17,2713
17,2741
17,2749
17,2862
17,2848
17,2736,3029
17,52
17,46,52
17,3139
17,2711
1059,138,17,2540,2741,2835,45
17,2697,2700
1009,17
17,2697,2702,2718,2734,2736,2798
17,2847,46
17,3166
17,2697,2847
17,2984
17,3419
17,3410
17,2734
17,2721
17,2697,2713,2714,2715,2716,2717,2718,2720,2721,2723,2724,3270
110,17,2798
17,2700,45
17,3289
17,3407
17,69
17,2697,2699,2705,2736
17,2697,2699,2705,2795,2840,2847,2848,3192,3237,3254,3305,3336,3378,3379,3382,3384,3385,3391,3394,3450,3457,3458
17,2697,2699,2705,2736,2795,2798,2847,2848,3237
17,2697,2733
110,17,2697,2698,2705,2714,2715,2716,2717,2718,2721,2722,2723,2724,2733,2734,3235,3270,3310,3384,3466,3468,3469,3470
17,2736,2862
110,2702,2836,2862,2994
110,17,2697,27,2702,2736,2798,2835,2836,2862,2994,69
1446,18
18,2040,303
159,18
20,2041
20,2041,3504
27,2836,3177
138,146,27,2836,2838,2839,2996,45,68
27,2838
138,146,27,2700,2725,2728,2729,2730,2731,2836,2838,2862,2995,2996,3071,3294,3295,68
110,138,146,2697,27,2702,2725,2728,2729,2730,2731,2738,2749,2836,2838,2839,2995,2996,3294,45,68
138,146,27,2836,2838,2996,45,68
138,146,2697,27,2702,2725,2728,2729,2730,2731,2836,2838,2862,2995,2996,3294,3295,68
27,45
1232,27
146,27,45
146,27,2839
138,27
1059,138,27,2996,68
27,2839
27,2836
27,2833
138,146,27,2700,2702,2725,2728,2729,2730,2731,2738,2838,2862,2995,2996,3029,3177,3295,3403,3404,3407,3408,3409,3410,68
27,46
27,3289
27,2839,3139
1204,1232,138,146,27,2836,2838,2839,2981,2982,2996,3643,3695,3719,3720,45,53,68
27,3139
110,138,146,2697,27,2700,2728,2729,2730,2731,2749,2836,2838,2839,2995,2996,3177,3294,3295,45,68
27,2838,2994
27,2700,2836
138,146,27,2700,2725,2728,2729,2730,2731,2836,2838,2862,2995,2996,3294,3295,68
138,146,27,2833,2835,2836,2838,2996,45,68,69
138,146,27,2700,2725,2728,2729,2730,2731,2836,2838,2862,2995,2996,3071,3294,3771,68
110,2697,27,2798,53
27,3410
138,146,27,2836,2838,2862,2996,68
27,2996
138,146,27,2836,2838,2996,3177,45,68
138,146,27,2836,2838,2839,2994,2996,45,68
27,2835
146,27
138,146,2697,27,2700,2702,2725,2728,2729,2730,2731,2836,2838,2862,2994,2995,2996,3071,3294,3771,68
1204,1232,138,146,27,2836,2839,2981,2982,2996,3643,3695,3719,3720,3835,3836,45,53,548,600,68,847
138,146,27,2725,2728,2729,2730,2731,2836,2838,2862,2995,2996,3294,68
27,2736,3029
138,146,2697,27,2700,2702,2725,2728,2729,2730,2731,2836,2838,2862,2995,2996,3032,3071,3294,3771,68
4266,46
218,38
141,38
105,176,187,188,218,219,221
183,188,2042,38
183,38
1230,2677,38
1240,2,2249,2283,2326,2360,2367,2620,2622,2623,2627,2629,2632,2637,2638,3,303,40,4432,4433,72,75
1,122,133,136,137,2065,2468,29,305,3479,3620,3864,40,41,414,4450,51,62,65,72,75,95,97
2,40
104,1453
116,125,140,1429,20,2041,2178,2183,23,2562,2778,5077,5083,5084,57,63
17,46
2848,46
1020,46
46,5101
1019,2561,46
2565,46
46,5143
2037,46,76
2249,2367,46
1019,46
1022,1036,46
33,46
2774,46
46,573
1232,46
1232,76
46,52,76
3351,46
3071,46
45,46
2561,46
12,2169,46
46,52
2367,2627,46
12,2627,46,52
2283,46
46,5312
2736,46
2367,46
4347,47
47,5074
1452,47
1452,47,5074
47,5380
1447,47
2102,47
1450,47
47,5392
1453,47
47,5387
2147,47
1453,47,5074,5345
1450,47,5074
47,5385
2112,47
3476,47,5074
1453,47,5074,5380
104,1447,1453,2112,47,5074
104,47
1453,47,5074
2102,47,5345
47,5432
2403,2446,2457,2481,49,5439,5440,5441,5442
2446,49,5439,5442
2446,49
2446,49,5439,5449,5450,5451,5452,5453
2403,2446,2457,2481,380,49,5439,5440,5441,5442,5449,5450,5451,5452,5453,5461,5462,5463
2403,2446,2457,2481,380,49,5439,5440,5441,5442,5449,5450,5451,5452,5453,5461,5462,5463,5464,5465,5466,5467,5468,5469
1416,49,5442
2446,49,5439,5442,5449,5450,5451,5452
2403,2446,2457,2481,380,49,5439,5440,5441,5442,5449,5450,5451,5452,5453,5461,5462,5464,5465,5466,5467,5468,5469,5490,5491
2446,2457,49,5446,5449,5451,5496,5497,5498,5499,5500,5501,5502,5503,5504,5505,5506,5507,5508,5509,5510,5511
2403,2446,2457,2481,380,49,5439,5440,5441,5442,5449,5450,5451,5452,5453,5490
52,56
52,63
1066,52
2598,52
3139,52
1009,52
3254,52
52,5564
115,52
52,957
5143,52
27,52
2763,52
52,77
52,5577
2982,53,5581
112,1232,138,27,2836,2839,2982,2996,3284,3455,3638,3641,3643,3652,3659,3668,3695,3719,45,53,5581,68
138,53
1204,1232,138,27,2833,2836,2839,2981,2982,2996,3139,3643,3695,3719,3720,3831,3832,3833,45,53,600,68
138,27,2836,2839,2981,2982,2996,3643,3695,3719,3720,45,53,68
138,27,2833,2836,2839,2996,45,53,68
3643,53
2982,53
3835,53
2982,3674,53
1204,1232,138,27,2833,2836,2839,2981,2982,2996,3139,3643,3695,3831,3832,3833,45,53,600,68
2982,3139,53
2833,53
3139,45,53
3410,53
2982,45,53
2996,5143,53
2996,53
13,53
2836,53
1204,2982,3674,53,548
3071,53
3139,53
2982,76
2835,3720,53,69
17,3038,3202,53
1204,1232,2982,3643,53,600
112,53
112,2984,2996,33,45,53,5581
2984,3289,33
112,2836,2996,53,5581,68
112,2984,3289,33,45,53
112,2833,2836,2984,2996,33,45,53,5581,68
112,2836,2996,5581,68
33,5557
2984,53
112,17,27,2836,2996,3643,45,53,5581,68
112,17,27,2833,2836,2996,3032,3038,3202,3306,3310,3334,3395,3643,3657,3719,45,53,5581,5706,5707,5708,68
17,2037,2833,2835,2984,3120,53,5709
138,17,2037,2833,2835,2984,3038,3120,3166,3289,33,3310,3419,3657,3769,45,5143,5217,5219,5270,53,5577,5710,5711,69
17,5581
112,20,45,53,5581
112,2833,2836,2996,33,3310,45,53,5581,68
2836,45,53
112,2836,2996,45,53,5581,68
45,5581
2984,3166,33,3419
112,33,45
112,45
112,27,2836,2996,45,53,5581,68
27,2836,2984,2996,3289,33,3720,45,53,5581,68
2836,2996,53,5581,68
112,2996,33,45,53,5581,68
3289,33
1198,54
5085,54
2100,2101,5085,54
2101,5085,54
2100,54
2100,5085,54
321,54
2101,54
2181,54
136,54
117,54
25,54
2348,54
54,5807
310,54
2110,54
137,54
136,2110
54,5828
305,54
143,54
2181,305,54
1448,54
1142,54
54,6227
54,6228
54,5756
1328,54
2101,2181,54
2101,2761,54
2761,54
5385,54,5756
5392,54
2102,54
54,5454
2519,56
1109,56,6915
115,56
2377,56
4414,56
2982,56
1109,56
1109,2377,2519,56,6909
2543,56
56,6393
56,6900
2278,56
2377,2694,56
56,6909
56,7122
56,6927
56,7150
56,93
56,6912
56,7160
56,6899
138,56
2519,56,6909
56,6914
56,7171
1125,56
2695,56
2519,56,6910,6916
56,63
56,6917
2694,56
115,964
56,964
1226,56
1022,1047,1123,1125,1184,1196,1198,1980,2176,2260,2577,2588,303,325,326,443,480,508,56,5828,6462,6957,77,8
1109,1275,2377,2694,56,6909,6910,6911,6912
243,56
111,118,140,23,63
56,6902
2026,56
223,56
23,56
1109,1262,1393,177,201,214,2376,2377,243,2620,2694,2695,4414,485,56,574,6902,6911,6913,6914,6915,7241,98
56,6911
1393,56,6902
56,6910
43,56
56,64
118,56
2519,56,6916
1240,56
12,56
1275,56
56,6916
56,6910,6916
1109,2377,2519,56,6910,6916
1109,1393,56
1109,2519,56
2376,56
2376,56,6911
2397,56
2541,56
56,6909,6912
56,6919
305,56
305,56,6910
2577,56,6462
56,7346
1198,56
1004,56
1056,56
2607,56
2376,2519,56,6911,6914,6915
1109,2326,2376,56,6911,7272
2376,2377,56,6910
2519,56,6910,6916,7356
2376,2519,56,6911
2519,56,6917
1,11,111,117,128,129,41,455,51,58,6,6347,65,66,6601,6615,7053,7362,7363,7364,74,78,85,927
1022,1047,1060,1061,1125,115,1196,140,23,2562,2577,2578,2774,328,43,439,508,56,63,7369,7395,7396,8
56,6505
2283,56
140,56
2377,2519,56
56,6932
1109,1226,1275,2376,2377,243,2519,2694,2695,56,673,6909,6910,6911,6915,6916,6917,6918,6919,7053,7272,7360,7414,816
243,93
56,7356
2384,56
56,6913
2519,56,6910,6916,7053
1275,56,6900
1226,1393,1394,2278,2377,2695,4414,56,6892,6900,6909,6911,6912,6914,6915,6919,6925,6927,6928,6931,6932,6961
2367,56
1109,2377,2519,56
2377,243,56
2544,56
2100,56
2377,2694,56,6902
56,816
2326,2377,2567,56
2389,56
1061,56
1226,2377,56
1066,56
2326,56
12,2326,56
2376,2629,56
1041,56
12,2283,56
12,2283,2326,2377,2629,56
2655,57,7245
116,125,1429,20,2040,2041,2178,5666,57,6393,7512,7513
1003,1047,116,125,1315,2181,44,57
1003,116,20,327,7512
2186,57
116,125,1315,2037,57
1003,57
57,6668
57,7171
57,7533
116,125,1437,20,2037,2041,44,5666,57,7512,7513,7535
125,2110
125,1429,6999,7579,7580
1003,20,57,7245,7578
20,2655
2676,57
1027,1041,140,24,57,6393
116,125,57
2651,57
125,2655,2689,4462,57,6899
2655,57
20,57,7535
116,125,20,2041,2178,57,7512,7513
116,125,20,2037,2041,44,5666,57,6558,7512,7513,7535,7578
116,1315,57,6393
116,125,1429,20,2041,2042,2178,57,6558,7512,7513
57,7618
116,57
2680,57
57,7512
20,2041,57,7512,7513
5666,57,6393,6727,7689
57,7513
20,2041,303,44,57,7513
2366,57
125,57
57,7246
5666,57,6393
125,44
57,6505
5666,57,6727,7689
44,57
1003,57,6899
1009,57
116,125,5215,5666,57,6393,6668
1053,57
1009,57,6624
116,125,57,7122
125,2184,57
116,125,2037,2041,57,6558,7512,7513
2037,57
116,125,2368,2397,57,636,6393,6668,6727,6739,6978,6999,7245,7685,7687,7689,7690,7691,7692,7693,7694,7695,7696
5666,57
116,125,1429,20,2037,2041,2042,2178,57,6558,7512,7513,7570,7656
57,6558
1119,116,125,1429,2176,2178,520,57,6393,6558,6668,7539,7570,7656,7769,7770,7771,7772,7773,7774,7775,7776,7777
2607,5666,57,6393
2655,57,7778
57,7122
5666,57,6393,7689
57,7578
2397,57
2544,57
116,125,20,2042,2178,57,6558,7512
1027,1041,2655,57
116,57,7122
5666,57,7689
1119,116,125,1429,2178,520,57,6393,6558,6668,7539,7570,7656,7769,7770,7771,7772,7773,7774,7775,7776,7777
17,57
1119,116,125,1429,2042,2178,520,57,6558,7539,7570,7656,7769,7770,7771,7772,7773,7774,7775,7776,7777
20,2178,2184,7582
17,2397,57
2178,2184,57
1004,1301,57,7689
116,125,57,6393
2679,57
57,6899
57,7690
57,7578,7690
125,1307,1315,57
57,7245
116,20,57,7578,7690
57,7662
116,125,20,2041,2110,2176,2178,23,303,63,7582
1004,116,125,1301,2178,5562,5666,57,6393,6727,7246
57,7652
125,5666
125,5666,57,6393
116,125,20,2041,5666,57,6393,6668,7512,7690
125,303
57,6393,6727
125,1437,20,2037,2041,2178,303,44,6558,7513
125,20,5666,57,6393,6668,7690
1004,1301,57,6393
125,1437,20,2037,2041,44
1437,57
125,2176,303,44
125,1437,20,44
125,1429
303,57
57,7689
1003,64
1004,24,2776,57,6393,7246
57,7614
116,1437,20,2037,2040,2041,2178,303,44,520,5666,7512,7535,7570,7582
2041,57
116,2559,2690,2766,5345,57,5883,5900,5930,5941,6069,6076,6122,6210,6624,7160,7736,7829,7830,7831,7832
57,6393,7245
1004,116,125,1301,5666,57,6393
43,7171
125,7512
57,6393
116,7691
116,125,57,6213,7245,7512,7578,7630
1092,1140,116,2368,5564,57,7151,7594,7695,7701,7906,7907
116,125,20,2041,2178,44,5666,57,6393,6668,7512,7513
57,7931
116,1294,1462,2655,57
24,57,6076
115,57
57,7579
1092,1140,116,2368,2369,5562,5564,5666,57,6393,6624,7122,7594,7691,7695,7701,7704,7831,7906
116,57,7625
116,2655,57,7599
57,7539
116,2368,5666,57,6393,7122,7691,7696,7701,7704
116,125,23,303,57,63
57,61
116,5666,57,6393
57,7710
125,1307
57,6739
116,125,1315,57
1092,1140,116,2368,5564,57,7151,7691,7695,7696,7704,7831
116,7594
1092,1140,116,2368,5564,5666,57,6624,7691,7695,7701,7704,7831
125,1307,1315,1423,1424,1425,1431,1437,1443,1457,2032,2036,2037,2038,7662,7673
57,6978
5562,57
2676,5666,57
23,57
1301,57
125,20,2041,2110,2178,303,327,4,44,480,520,5563,57,6558,7512,7513,7570
57,5883
116,5562,57
125,20,2041,5666,57,6668,7513
116,2559,2690,2766,5345,57,5883,5900,5930,5941,5955,6069,6076,6122,6210,6243,6624,7160,7736,7829,7830,7831,7832,7937
57,7599
116,2559,2690,2766,5345,57,5883,5900,5930,5941,5955,6069,6076,6122,6210,6624,7160,7736,7829,7830,7831,7832
2368,2397,3139,57,6668,7122,7691,7701
1092,116,2368,2369,5666,57,6393,7122,7691,7695,7701,7704
125,23,57
125,20,5666,57,6393,6668
116,7171
132,7171
1003,2655,57
57,77
116,125,2037
1027,57
2689,57
1425,57
1004,1301,5666,57,6393,6727
2542,57
57,7691
3833,57
1003,108
125,20
1003,125
1004,57,6393
20,2041,2178,7512,7578
2368,57
1461,57
116,125,57,7578,7599
1425,52
116,2655,57,7245
17,5199
20,5666
57,7708
116,57,7578,7599
5666,57,6393,6727
2543,57
5666,57,6393,7710
116,2037,2038,57
1004,1036,118,1301,140,147,24,2539,2776,4462,57,61,6393,64,77
116,57,5883
116,2178
2366,2655,57
116,125,2201,2651,2676,2677,2679,2680,2689,449,52,5214,57,5890,6393,7246,7512,7596,7597,7598,7599,7600,7601,7939,8094
2655,57,7246
116,7578
116,1423,1425,17,2037,52,57,7578
2655,57,6393
1027,116,23,303,63,93
57,6975,7245
116,1425,2037,52,57,7578
1004,1301,2776,5666,57
116,1315,2037,57
1088,116,1187,1235,125,1307,1315,1320,1423,1425,1429,1437,199,2013,2037,2038,23,231,300,44,57,60,63,7660,93
116,1315,1437,2037,57
116,2689
116,1315,2013,2037,57,7660
116,125,1294,1315,1423,1425,1429,1437,20,2036,2037,2041,2178,2184,44,57,7245,7579,7618,7658,7662,7663,7673,7681,7805
116,2037,2041,303,327,57
116,2037,2041,303,57
20,2201,2679,57,7512,7662
1092,1140,116,2368,2369,5562,5564,5666,57,6393,6447,6624,7122,7151,7594,7691,7695,7696,7701,7704,7831,7906,7907
2369,57
1425,17,57
116,1437,2178,2763,5562,57
1294,57
1044,1053,125,1429,2566,521,549,57,6999
104,108,116,1187,1307,1315,1320,1437,184,199,2018,2037,231,300,315,57,60,6393,7654,7660,7727,7809,8289,93
57,6887
116,1463,20,2181,57,6393,6668,7513
116,1437
116,1437,2037,57,7578,7599
116,57,7578
1315,57,6393
116,1294,1437,1460,2037,57
57,6393,7710
104,116,1315,2037,2184,57,6393,7578
125,57,6999
125,549
125,1429,2627,334,549,8325
2578,57
116,125,1315,2037,346,57
1004,1301,57
116,57,6213,7245,7512
334,57
1119,116,1423,1424,2186,57,6744,7580,7630,7650,7747,7931,8316,8317,8352,8353,8354,8355,8356,8357,8358,8359,8360,8361,8362
1056,1088,116,1307,1315,1437,1982,2015,2018,2037,2043,242,300,57,60,7632,7654,7660,7727,7811,8210,8289,93
1010,1017,57
1119,116,125,1423,1424,1429,57,7580,7630,7747,8353
104,116,1315,57
2651,52
1003,1032,1046,116,1235,125,1315,1437,1460,1462,2037,23,2607,300,57,63,7625,7631,7652,93
1423,57
1088,116,1315,1423,1424,1429,1461,2013,2018,2019,3832,428,549,57,5865,6576,7245,7579,7630,7663,7747,8320,8321,8323,876
116,1437,57
125,1429,57,6999
116,125,2655
116,125,1429,57
116,125,2655,57
116,125,2655,57,7171,7599
57,6393,7689
1056,1315,2176,303,44
1315,17
5666,57,6393,6978
116,125,1315,1423,1437,2037,57,7579
57,7582
1187,1315,1320,1437,199,2018,231,300,44,7632,7654,8118,93
2037,57,7578
118,2539,57,64
116,125,1315,1423,1437,1443,17,2036,2037,2038,2041,2178,2186,44,5143,57,7245,8118
1315,57
1003,57,6978
4462,57
116,57,7580,7598
2676,57,7710
116,7578,7599
1004,1041,1301,57,6393,77
125,2655
57,64
116,57,7939
1003,116,1462
116,7599
104,108,1088,116,1315,2037,2184,23,2651,57,7578,8118
116,1315,2037,2184,57,7578,8118
104,7660
108,7660
57,7625
2178,57
1,116,125,1315,1437,1460,17,20,2037,2041,2178,44,57
20,57
260,57
116,125,1429,1437,20,2037,2040,2041,2178,303,327,4,44,520,522,5666,7512,7513,7535,7570,7582
116,1462,57
20,2040
116,20
116,1437,20,2037,2041,44,5666,7512,7535,7582
116,125,1437,20,2037,2040,2041,2178,44,5666,7512,7535,7582
116,125,2368,2397,5666,57,636,6393,6668,6727,6739,6978,6999,7245,7687,7689,7690,7691,7692,7693,7694,7695
116,125,20,2040,2041,2178,44,5666,7512,7513,7582
108,116,20,2178,57,6393
23,57,63
1004,57
1429,57
116,125,1429,1437,20,2037,2040,2178,303,4,44,5666,7535,7582
1003,57,6393
116,20,2041,2178,303,57,7512,7513
140,57
1003,57,6505
116,20,2178,5666,57,6393,6668,7512,7513
116,125,2368,2397,5666,57,636,6393,6668,6727,6739,6978,7245,7689,7690,7691,7692,7693,7694
116,125,2368,2397,5666,57,636,6393,6668,6727,6739,6978,6999,7245,7685,7687,7690,7691,7692,7693,7694,7695,7696
116,7618
116,1437,20,2037,2040,2041,2178,44,5666,7512,7513,7535,7582
125,1315,1423,1424,1425,1431,1436,1437,1980,2013,2037,2038
20,57,7568
116,1197,125,1437,20,2037,2040,2041,2176,2178,303,327,4,44,520,522,57,7513,8518,8522,8523,8524,8525
116,125,1315,1437,1460,1462,20,2037,2041,2178,44,57,6393,7512,7578,7599,7672
1027,1041,1231,2323,2655,57
116,125
116,125,20,2037,2041,5666,57,6393
116,125,1429,1437,20,2037,2041,303,4,44,520,5666,7512,7513,7535,7570,7582
116,125,17,20,2037,2041,2178,2366,2655,2689,44,5666,57,6393,6668,6899,7245,7512,7513,7611,7614,7678,7690,7778
116,1235,125,1315,1437,1460,2037,300,44,57,7578,93
116,125,2368,2397,5666,57,636,6393,6727,6739,6978,7245,7689,7690,7691,7692,7693,7694
116,125,2368,2397,5666,57,636,6393,6668,6727,6739,6978,6999,7245,7687,7689,7690,7691,7692,7693,7694,7695,7696
108,125,20,2040,2041,44
108,57
57,7636
1462,57
20,2041,44,57
57,7705
116,125,1437,20,2037,2041,2178,44,5666,7512,7513,7535,7582
116,125,20,2041,2178,5666,57,6393,6668,7512,7513
108,125,57
125,57,6393
1003,116,125,57,5920,6213,6393,6975,7122,7245,7625,7636,7655,7678,7679,7680,7681,7682,7683,7684,7685,7686
1460,57
2607,57
116,57,7578,7672
1431,57
57,7678
125,7245
116,125,1307,1425,1431,2037,57
5215,57
20,3479
1003,116,57,5920,6213,7245,7599
116,125,1437,1460,20,2037,2040,2041,2176,327,44,5666,57,7512,7513,7535,7578,7672
116,125,1437,20,2037,2040,2041,303,44,5666,7512,7513,7535,7582
118,57
1429,44,57
116,2178,57
20,57,6393,7512
20,7582
116,125,1437,1460,20,2037,2040,2041,2176,303,327,44,5666,57,6393,7512,7513,7578,7672
2040,57,7727
116,125,1437,2041,57
116,125,1437,20,2037,2040,2041,2110,303,327,4,44,5581,5666,7512,7535,7582
1125,57
116,125,1462,2040,2685,303,57,7672,8589,8590
1004,1017,118,1301,2312,2580,2607,5666,57
125,1315,1437,1460,2037,2184,6241
116,1294,57
116,125,1461,1462,20,2041,2178,5666,57,6393,7512,7568
57,7594
2308,61,63
1066,57
1004,1301,2368,5666,57,6393
1041,116,2366,57,6393,7705
1041,116,2366,57
1455,57
116,125,1461,1462,20,2041,2178,5666,7512,7535,7579,7582
116,1294
2040,57
116,24,57,6393
125,20,2041,2178,44,7512,7513,7582
15,57
116,125,57,6241
57,6241
57,7594,7708
2312,57
1462,2201,2651,2676,57
1003,116,125,1437,20,2037,2041,2178,303,327,44,6668,7512
2312,2607,57
20,2041,2178,57,7512
116,125,1315,1462,2037,2184,57,6241
116,125,1437,1462,57
116,125,1437,57
1003,57,7672
116,57,7661
2777,57
5666,64
57,7672
116,125,20,2041,5083,5666,7512,7535,7582
115,2651
116,125,1443,1461,1462,20,2036,2178,7535,7579,7582
1009,23,57,6505
116,125,1461,2041,2178,5666,57,6393,7512
57,7164
116,125,1437,1462,2179,57,7672,8589,8590
116,125,1437,1462,2037,2179,57,8589,8590
116,125,1437,1462,57,7171,7672,7727,8589
2179,57
125,1429,1461,1462,20,2037,2041,2178,5083,5666,7512,7535,7582,7672
116,125,1315,1423,1424,1425,1437,1980,199,2037,250,57,7630,93
116,2179
116,125,1461,20,2041,2178,5666,7512,7535,7582
1437,20
116,125,1437,20,2037,2041,2178,303,327,44,57,6668,7512
125,2184,57,6241,900
133,57
57,6447
116,125,2689,57,6899,7245
2040,57,8590
1047,1053,125,23,260
116,125,1315,1429,1437,1461,1462,17,2037,2040,2178,303,57,7672,8589,8590
116,125,1462,20,7512,7582,7672
116,1294,1462,57,7171
116,125,1429,1461,20,2041,2178,5083,5666,7512,7535,7579,7582,7661,900
116,125,1461,20,2041,2178,5083,5666,7512,7579,7582,900
125,20,2178,57
2038,57
125,2176,2178,303,327,57
116,1437,57,6393
116,1462,57,7122
2368,2397,5666,57,6393,6668,6727,7122,7533,7710
57,63
46,57
1003,2689,57
116,125,1462,57,6393,8589
116,125,1294,1462,2651,2676,57,6393,7710
116,125,1461,1462,20,2040,2041,2178,5666,7512,7579,7582,7661,7672,900
57,7630
1003,57,7652
1003,2366,57
5666,57,7122
116,125,20,2041,57
2184,57
57,7654
1429,3537,57
1462,2179,57,7672
346,57,7245
116,125,1429,1461,20,2041,2178,5666,7512,7535,7582,7802
116,1461,1462,20,2037,2179,5666,57,6393,7672
1003,57,8590
17,52,57
1423,57,7579
125,1461,20,2178,5666,6393,6668,7661,7678,900
116,125,1461,1462,20,2041,2178,5666,6393,7512,7579,7672
52,57
116,125,20,2040,303,57,63
17,2037,57
116,125,1437,1461,1462,20,2037,2040,2041,2178,2179,5666,7512,7535,7582,7672,7802,8597
125,2037
116,1462,2037,5666,57,6393
20,2689
116,20,2041,2176,303,327,57,7512
116,125,1461,20,2037,2040,2041,2178,2184,2689,5666,7512,7582
57,6393,7705
1041,57
116,125,1315,1437,1460,1462,2037,57
57,7778
116,125,1461,1462,20,2040,2178,5666,7512,7535,7582,7672
5101,57
20,57,7579
116,125,1437,1460,1461,1462,17,20,2037,2041,2178,2184,33,3479,4461,45,5581,5666,7512,7535,7582
125,7654
1003,1017,1019,1027,1041,1061,1066,118,140,23,24,52,57,64,7395
57,7831
44,7570
116,125,1429,1461,20,2041,2178,5666,57,6393,7512,7579,7802,8593,8594,8595,8597,8598,8827,900
116,125,1462,57
1437,1462,57
1004,116,12,125,2099,5083,5666,57
116,125,1461,20,2041,5666,57,6393,6668,7512,8839
23,6393
1004,1019,116,1301,140,1461,20,2041,2178,23,2776,5083,5666,57,6393,6668,7694
116,125,1429,1437,1461,1462,20,2037,2041,2178,5666,7512,7535,7579,7582,7672
116,12,125,1448,2099,2183,5083,5085,5666,57
20,7579
2368,57,7594
116,125,1429,1443,1461,20,2041,2178,2184,2397,5666,57,6393,6727,7512,7579,7690,7694,8593,8594,8595
116,125,5083,5666,57,6393
1004,1301,5666,57,6393
57,6624
116,125,2041,57
1004,1019,118,12,57,64
125,20,2041,2178,57
116,125,1429,1437,1460,1461,20,2037,2040,2041,2178,2186,2689,5666,7512,7582,7661,7672,900
108,116,125,1454,20,2041,2178,5083,5666,7512,7535,7582,8519,8680
116,125,1437,20,2037,2041,2178,44,5666,57,6393,7512,7513,7568,7578
116,125,5666,57,6393
116,125,1429,1437,1460,20,2037,2041,2176,2184,303,3479,4461,6241,7512,7582,7672
116,2178,5666,57
116,125,1429,1461,20,2040,2041,5666,7512,7535,7582
116,125,1429,1461,20,2037,2041,2178,2184,5666,57,7512
1000,1036,1047,1051,1053,1055,1056,1125,115,116,12,2026,2318,2323,2580,2581,260,303,325,43,61,63,76
1437,17,52,57
116,125,1429,20,2040,2041,2178,5666,7512,7535,7582
1000,1036,1046,1047,1051,1053,1055,1056,115,116,12,1231,2026,2318,2323,2578,2580,2581,260,303,325,43,61,63,76
116,125,20,2689
116,125,1429,1461,20,2040,2041,2178,5666,7512,7535,7582
116,1423
116,2041
116,1462
116,125,2397,5666,57,636,6393,6727,6739,6978,7245,7689,7690,7691
24,57
116,125,1429,1461,20,2041,2178,5666,57,7512,7802,8597,8598,8827
1053,1054,116,125,1429,1461,20,2041,2178,2184,2397,5666,6393,6668,7512,7579,7661,7802,8593,8594,8595,8597,8598,8827,900
125,1437,1443,1461,1462,2036,2037,2038,2178,5666,6393,7579,7647,7672,8845,8846,8847,8848,8849,8850,8851,8852,900
116,125,1443,1461,1462,20,2036,2041,2178,2201,2657,327,5666,6393,7512,7568,7579,7672,7802,8596,8597,8598,8850
12,57
1462,57,7171
116,125,1429,1461,2041,2178,5666,57,6393,7568
116,125,1462,2037,2689,57
1307,57
116,125,1423,57,7625
116,125,2037,57,6393,7652,7672
2607,57,6393
1027,1047,108,116,125,140,20,2037,2040,2041,2183,23,303,304,522,57,61,63,8523
116,125,20,2178,5666,7535,7582
1009,2594,57
43,57
125,1437,1461,1462,20,2037,2040,2041,2178,5666,7512,7535,7582,7672
1003,116,125,1429,1461,1462,20,2037,2040,2041,5666,7512,7535,7568,7582,7625,7776,7802,8597
508,57
125,327
112,116,125,17,20,2178,33,45,5581,7582
116,57,6393
116,20,2178,327,5666,7535,7582
1009,57,6505
116,125,1461,1462,20,2037,2041,2178,5083,5666,7512,7535,7582,7672
20,2041,2178,5666,57,6393,7512
125,1463,57
1128,5563,57
116,125,17,2037,303,57
1003,116,125,1461,20,2041,2178,2184,5666,6393,7122,7512,7625,7694
1027,1041,1231,2655,57
116,125,20,5666,7535,7582
116,20,7582
125,7678
1463,20
116,1429,20,2041,5666,7512,7535,7582
116,125,1437,2037,2041,44,5666,7512,7513,7535,7582,7625,7631,7655
1047,1053,23,260
116,20,2041,5666,7535,7582
1275,57,6900
116,125,1437,2037,57
20,5666,57,7512
2674,5666,57,6727
116,125,1437,1461,1462,20,2037,2040,2041,5666,7512,7535,7582,7672,7802,8597
116,125,1294,57
1443,57,7690
1128,57
116,125,1461,1462,57
1004,1047,1053,118,140,2183,23,260,5215,57,61,63,6393,64,8691,8839
116,125,1429,1461,20,2041,2178,2184,7512,7582
116,125,1429,1461,1462,20,2037,2040,2041,2178,2184,5666,7512,7535,7582
12,140,2099,23,57,63,64
116,1294,1462,2655,57,7171
116,125,1429,1461,20,2040,2041,5666,7512,7582,7802,8597
116,5666,57,7122
1461,57,7245
1003,1017,1019,1027,1041,1061,1066,118,140,23,24,52,57,64
57,7695
116,1462,2655,57
2580,57
116,1461,20,2397,5666,57,6393,6999,7122,7245
116,125,2037,57
108,116,125,1429,1437,1454,1461,1462,20,2037,2041,2176,2178,303,4,44,5666,6999,7512,7535,7582,7672,7776,7802
1071,57
1004,1027,116,125,1301,140,20,2037,2041,2178,23,303,44,57,63,6393,7512
116,125,2178,57,7512
328,57
2397,5666,57,636,6393,6727,6739,6978,7245,7689,7690,7691
1049,57
116,125,1462,20,2037,2041,2178,57,7512
1261,1301,57
2201,57
116,125,20,2041,2178,5666,7512,7535,7582,7776,7802,8597
116,2100,57
116,125,1429,20,2040,2041,2178,2184,5666,57,6393,6999,7245,7512,7625,7655,7776,7802,8593,8594,8595,8597,8918
116,20,2041,2178,5666,57,6999,7512
116,125,23,57
108,1454,1463,2041,7727,8518
116,125,20,5666,57,6393
116,125,1429,20,2178,7512,7582,7802,8597
57,7631
2651,2676,57
2545,57
57,7580
57,7802
12,1261,1301,17,2183,2564,2580,2599,2655,2674,2676,2777,326,5101,5312,5314,5562,5564,57,7533,7708,8742,8825,8928,8929
116,125,1429,20,5666,57,6393,6999,7512
116,125,23,5083,57,8680
116,125,1429,1461,1462,20,2037,2040,2041,2178,3537,44,5666,57,6393,6999,7512,7776,7802,8518,8593,8594,8595,8597,8598
116,125,1429,20,2040,2041,2178,2184,5666,6999,7512,7535,7582
116,140,23,5083,57
1429,20,2184,6999
125,1431,1989,2032,2037,57
116,1429,20,2041,2178,5666,7512,7535,7582
116,125,2041,5083,57
44,7631
1275,57
2366,2607,57
1003,116,125,20,2037,2041,2178,303,44,7727
116,125,1462,20,2041,44,57,6393
116,125,1462,20,2041,44,57,6393,7631
260,64
125,1462,17,57
116,125,20,7582
1454,20
1462,57,7652
1462,2037,2040,57
116,125,1429,20,2041,2178,2397,5666,57,6393,6668,6727,7512,7694,7776,8593,8594,8595,8597,8598
20,2184
108,2181,2397,43,57
116,20,2176,303,327,57,7512,7513
57,6900
1041,1231,2655,57
116,20,2041,2178,2184,2186,57,7512,7776,7802
116,1462,2040,44,57,7672
116,125,1463,20,2041,2178,2183,7512,7582
116,125,1463,20,2183,5083,7582
116,125,1437,1463,20,2037,2041,2178,2183,5083,5666,7512,7535,7582
116,125,1429,57,6393
116,125,1454,2041,5083,57
20,2176,23,57,63
116,1294,1462,57
116,125,1429,20,2041,2178,5666,57,6393,7512
116,125,1462,2037,57,7672
1003,1027,1047,1053,118,140,23,2578,260,61,63,6393,64,6668
1003,116,125,57,6393,7625
2768,57
1061,57
2099,5083,57
116,1462,57,7171,7652
1004,1301,5666,57,6393,6727,7694
1003,1027,23
116,125,57,7686
1004,1301,2368,5563,5666,57,6393
1003,57,7625
1003,20,57
1003,1017,1019,1027,1041,1061,1066,140,23,24,7395
12,1301,17,2183,2580,2599,2676,2777,326,5101,5312,5314,5562,57,7533,8825,8928,8929
116,125,1462,7579
116,125,1429,1463,20,2041,2178,2183,2562,549,7512,7582,7830
116,125,1429,1437,1462,20,2037,2040,2041,2178,2689,303,44,7512,7582
260,5215,57
1462,57,7594
20,2041,57,7512
2776,57
1004,1301,5666,57,6393,6668,8839
5666,57,7245
116,125,1462,20,2040,2041,327,57
116,125,1437,1460,20,2037,2041,2178,44,5666,57,6393,7578,7672,7727
57,7694
1004,2689,57
327,57
1003,116,125,20,2037,2041,2178,327,44,7727
125,20,2040,2041,303,4462
116,125,1462,2037,57
116,125,1429,1437,1460,1462,20,2037,2040,303,44,5666,7535,7578,7582
2368,57,6393
116,20,2041,2178,5666,7512,7535,7582
2040,44
104,108,116,12,125,1315,1437,1448,2037,2099,2562,2627,57
104,108,116,125,1448,1454,2037,2183,57
125,1429,20,2036,2041,57,7512
116,125,57,7578
116,260,57
1004,116,125,1429,20,57,6393,8839
116,125,1429,20,57,6393
57,7686
5562,57,7246
116,125,1462,20,2041,2178,7512,7582
116,125,20,57,6393
116,20,2178,5562,57
116,125,23,57,6393
104,1053,1142,12,2099,2183,23,2562,260,5083,57,63
1036,57
1047,116,125,1315,1425,1429,20,2032,2040,2041,2176,23,2689,303,304,44,57,6301,6393,6899,93
116,125,20,57,6393,7512
1,125,2183,2306,43,57,85
57,7701
20,260
116,125,1429,1437,1454,20,2037,2040,2041,2178,2183,2562,260,303,44,520,549,5666,7512,7582
116,125,17,20,2037,2041,2178,2366,2655,2689,5666,57,6393,6668,6899,7245,7512,7513,7611,7614,7678,7690,7778
118,7625
1,116,125,1448,1454,20,2037,2040,2041,2099,2178,2183,2562,303,304,44,5083,549,57,7512,7776,7955
116,125,20,2178,57
1017,1019,2562,5562,57,7246
1044,1049,1053,1092,116,125,1429,1463,2183,2562,2566,260,304,334,3504,520,549,57,6956,7539,8686,8691,8694
125,7570
125,7625
57,6393,7246
116,125,1437,1462,2037,57
1003,116,125,57,6393,7778
125,5083,57
1186,57
1003,116,1186,125,1437,1462,20,2037,2041,2099,2183,2562,303,520,549,7570
108,125,1429,1437,1462,20,2037,2040,2041,2099,2178,3,4,5083,7512,7570
1462,57,64
1003,116,20,7582,7625
116,2099,64
116,125,17,20,57,6393
116,1462,2037,57
1004,1301,2368,2580,5563,57,6393
2368,2580,57
1429,20
1003,1009,116,125,2655,2676,2689,6393,7245,7594
57,8373
1004,1301,4462,57
17,20,2184,45,5581
1003,57,7778
1003,57,7594
57,7611
1004,1301,17,57
116,125,1437,1462,20,2037,2040,2041,2178,44,5666,7512,7535,7578,7582
1,1053,116,125,20,2037,2041,2099,2178,303,327,4,44,520,549,5666,57,6393,7512
108,116,125,1437,1454,1460,1462,20,2037,2040,2176,303,327,44,5666,57,7512,7513,7535,7578,7672,8519,8878
1462,2689,57
57,6213
116,125,1437,1460,1462,20,2037,2040,2176,303,327,44,5666,57,7512,7513,7535,7578,7672
1,1053,116,125,20,2178,303,549,57,7512
2040,303,4,57,7625
2040,57,7625
1,57
116,125,20,2041,2178,7582
125,1462
116,125,1443,2038,2042,217,57
1047,125,93
1463,2183,57,6668
116,125,1429,20,2040,2041,2178,5666,57,6393,6668,7512,8593,8594,8595
116,125,1437,1460,1462,20,2037,2040,2041,2176,2178,303,327,44,4462,5666,57,6393,7512,7578,7672
125,20,5666,57,6393
108,57,6393
116,125,1315,1425,1437,1460,20,2037,2041,2178,44,57,7513
108,116,125,20,2037,2041,303,44,520,57,7512,7513
116,125,17,20,2037,2041,2178,2366,2655,2689,5666,57,6393,6668,6899,7245,7512,7513,7611,7614,7615,7678,7690,7778
2397,5666,57,6393,6727,6739,6978,7245,7689
4413,57
116,20,2038,2178,2184,57,6241,7568,7663
1004,1027,125
125,2037,44,7578,7672
125,44,57
20,6241,7568
5666,57,6393,6727,6739,6978,7245,7689
2368,57,7701
125,2037,57
1429,2178,2184,57
116,6241
2368,2655,57,7594,7599,7710
116,125,20,2041,2178,7512,7513,7582
116,125,17,20,2037,2041,2178,2366,2655,2689,5666,57,6393,6668,7245,7512,7513,7611,7614,7615,7678,7690,7778
1003,20
57,6727
125,1315,1423,1425,1431,1436,1437,1455,1457,1460,20,2032,2036,2037,2038,2041,2042,2178,346,44,7660,7662,7673
1084,5215,57,6668
1088,116,125,1315,1437,1460,17,2037,23,57,63,93
2183,57
108,116,125,1454,20,303,43,44,57,6393
1003,116,125,20,2041,2178,327,7512,7513
2655,2676,57,7710
118,125,303,57
116,125,57,6393,6899
116,20,2038,2178,2184,57
57,8376
108,20,2041,5666,7582
57,7512,7568
116,125,1429,1461,1462,20,2041,2178,5666,7535,7579,7582
116,125,1462,57,6393
116,125,1429,1461,1462,20,2041,2178,2184,2308,5083,5666,7535,7579,7582
57,7709
108,118,140,2183,43,57,61,63,64
116,125,1429,20,2041,2178,2184,5666,7535,7582
2266,57
23,2308
1047,57
116,125,1461,20,2041,2178,2184,5666,57,6393,7579
57,7245,7678
112,1315,57,7245,7681
57,7681
116,125,1462,20,2040,2041,2179,2181,57,7830
116,44
108,20,2041,5666,57,6393
108,116,125,20,2041,5666,57,6393,7689
116,125,1437,1462,20,2040,2041,2179,2181,2186,57,7727,7830
2676,5214,57,7710
116,1429,1462,20,2040,2041,2178,5083,5666,7535,7582
1004,1047,116,118,125,1301,140,1429,1461,20,2040,2041,2178,2184,2186,23,5215,5666,57,63,64,7802,8596,8597
1049,125,57
57,7776
116,125,1315,1437,1460,1462,2184,57,6241
1009,1125,116,57,6393
116,125,1437,1462,20,2041,2178,2184,57,8589
116,1315,57
1003,116,125,1462,5666,6393
116,125,1462,7678
116,125,1437,1462,2179,2685,57,7171,7672,8589,8590
1003,116
2564,57
2689,57,6899
20,2041,57
1,116,125,1315,1431,57
116,125,1429,1461,1462,20,2041,2178,5666,7535,7582
260,57,6668
104,125,1294,1315,1437,1460,2037,2181,2184,251,57,6241
116,125,1462,2685,57,6393
116,125,1315,1437,1462,57
116,125,20,2040,2041,2178,5666,6393,7512,7656,7689,7694
116,125,1462,2040,2041,2685,5083,7535,7582,7672,8589,8590
116,125,20,2041,5666,57,6393
116,125,2040,303,57
112,17,2741,2835,3166,3289,33,3419,3769,5143,5176,5199,52,5219,5268,5270,5312,5557,57,5709,5710,6241,69,7966
1003,20,57,7652
116,125,1461,1462,20,2041,2178,2184,2186,5666,57,6393,7579
125,1431
116,125,1315,1431,1437,57
1000,1004,1301,2266,2368,2776,2777,5666,57,6393
116,5666,57,6393,7689
1027,140,57
1061,118,57,63
5215,5666,57,6978
1017,118,140,24,57,64
118,6978
116,125,1437,1462,57,7672
116,125,1294,1315,1437,1462,43,57
118,57,64
125,7672
116,7672
1017,57
116,125,20,2041,5666,57,6393,7512,7513
116,125,1429,1437,20,2037,2040,2041,2178,44,5666,7512,7582
125,2397,5666,57,6393
125,2689,6899
116,125,1307,1315,1437,1460,2037,300,44,57,93
2036,57
57,6393,6899
1003,1009,1046,1125,1128,2594,2779,5215,5328,57,7150,7164,7220,7759,7760,7761,7762,7763,7764,7765,7944,9133
116,125,1315,1437,2037,44,57,6393
5666,57,6393,6727,6978,7689
57,7655
1004,116,125,1301,2397,2689,5666,57,6393,6668,6727
1003,125,57,7245
1307,1315,57,7660
5666,57,6393,6727,7245,7689
57,6393,7661
1315,44
125,57,6899
1003,1047,116,125,1315,1437,17,2181,44,4461,57
116,125,1429,1437,20,2037,2041,2178,2657,303,327,4,44,520,5666,7512,7513,7535,7570,7578,7582,7656,7773,7774,9162
61,8113
1051,61,9177
1041,61
2397,61
559,61
326,61
61,93
1027,140,2266,2397,5666,61,63,6393
61,63
43,5883,5900
5974,61
2318,5974,61
1301,61
1088,61
1022,1036,1056,4274,5208,61,63
1022,1036,4274,61,63
4274,61
2176,61,63
1031,61
217,61
136,61
328,61
325,61
1060,61
1230,61
1114,61
1019,1036,140
128,61
61,8
61,6301
4461,61
23,61,6301
325,63
1027,118,140,23,61,63,64
140,63
257,61
1009,1039,1047,1109,1122,1196,1301,17,2545,256,2581,2676,2774,326,5101,5120,5212,5215,61,7155,76,7701,7710
1010,1039,1047,1102,1109,1196,1301,17,2545,256,2581,2676,2774,326,5101,5120,5212,5215,61,6393,7155,76,7701,7710,8373
1009,1047,1109,115,1196,1301,17,2545,2581,2594,2676,2774,326,5101,5212,5215,5562,61,6393,7155,76,7701,7710,8929
17,326,5101,5212,7710
17,61
1009,1047,115,1196,1301,17,2545,2581,2594,2676,2774,326,5101,5212,5215,5562,61,6393,7155,76,7710,8373,8929
1009,1047,115,1196,1301,17,2545,2581,2594,2676,2774,326,5101,5212,5562,61,6393,7155,76,8929
5212,61
2283,61
1109,17,326,5101,5212,7710
2026,61
2026,61,63
1031,1032,2176,61,63
41,63
201,21,228,2308,237,247,249,254,3,300,304,315,325,38,521,61
251,61
228,61,63
1142,2102,2112,2131,2147,2161,2249,2283,2623,2624,2627,263,306,4274,61,8898,9231,9232,9233,9234,9235,9236,9237
1451,559,61
1142,1168,2102,2112,2131,2147,2161,2249,2283,2623,2624,2627,263,306,4274,61,8898,9231,9232,9233,9234,9235,9236,9237
2169,61
263,61
303,61
5380,61
1031,277,61
1235,61
1235,61,63
61,63,93
1142,1168,2026,2102,2112,2131,2147,2161,2176,2249,2623,2624,2627,4274,61,8325,8898,9232,9233,9234,9235,9236,9243
1315,61,63
147,93
303,306,4274,61
1047,93
1047,61,93
1322,61
3,61
277,61
264,61
1047,61
251,263,61
2318,263,310,61
2169,61,7352
1235,1322,172,21,228,61
228,61
1235,1322,172,21,228
1088,263,61
310,61
1322,1387,1451,172,2036,21,2147,2169,2187,228,2623,2627,263,267,281,310,342,4274,509,61,9192,9270
61,63,8
2349,61
1036,2169,61,63
147,2600,61
303,61,63
2600,61
2600,61,63
1071,61
1265,61,63
257,61,63
1265,61
321,61
2291,61
1060,1071,61
1060,1071,2291,257,2600,61
1060,61,63
116,61
5076,61
1060,2,2600,61,63
1041,1071,1122,116,1301,2266,2291,2323,2349,251,4266,5206,5212,559,61,7591,7705,7709,7723,8113,8492,9177,9273
1060,140,61
2291,559,61
1041,1060,140,2,2253,228,2323,303,5212,5352,61,63
1041,1071,1122,116,1301,2266,2291,2323,2349,251,5206,5212,559,61,7705,7709,7723,8113,8492,9177,9273,9305,9306,9307
61,7672
147,61
104,1452,2600,61,63
1452,2600,61,63
2291,251,257,2600,5076,559,61,8492
1038,1039,1041,1071,1265,140,2253,2426,2431,2466,251,257,2600,295,4323,559,61,6236,6339,6887,727,9271,9272,9273,9275
1071,1122,2291,2323,2349,251,257,5212,559,61,7709,7723,8113,9177,9273,9275,9305,9306,9324
140,2600,5352,61,63
1261,257,2600,5352,61
1261,2600,61
1070,1114,1230,1235,136,148,2,228,2306,251,263,302,303,306,320,321,322,325,328,329,41,61,85,9329
1002,1022,1060,1071,1122,2600,61,63
1002,1122,2600,61,63
140,2397,61,63
1002,1022,1122,2600,61,63
257,5076,61
306,61
1125,306,61
5386,61
1125,12,2283,61
1125,256,61
38,61
1125,61
1056,61
2389,61
140,61,63,9343
5120,61,63
41,61
322,63
397,61
140,228,61
2,322,329,397,41,85
104,61
61,9343
1032,61
15,61
15,61,63
12,61
47,5074,61
47,61
1125,63
1125,15
1036,140,5877,61,63,64
1019,1056,1060,1123,508,61,63,8
2102,61
1060,5386,61
322,61,63
2787,61,9343
1036,1056,140,324,397,61,63
1122,140,2397,5077,5666,61,63,7694
1122,2397,61,63
1125,306,61,63
5074,61
128,2600,61
2600,5076,5386,61
136,2306,251,320,321,328
2600,5386,61
1031,228,303,306,325,329,61,63
251,2600,5076,5380,5386,61
1135,61
1453,61
152,61
1031,61,63
1031,2598,61
1135,303,306,61
148,61
260,61,63,9358
1125,61,63
2368,61,63
140,2368,61
1135,306,61
2598,61
1002,61
1002,1019,1022,1036,1039,1047,1056,1060,1125,12,140,24,260,5208,5352,61,63,64,77,8,9358
1114,256,61
1036,63
256,61
1322,228,263,61,63
1060,2598,5352,61,8
300,61,8
140,147,61,63
2318,61
1002,1004,1019,1022,1027,1029,1036,1039,1047,1056,12,24,5077,52,61,63,64,7356,77,9358
2112,2169,61
1022,1036,1039,508,61
1051,61
1088,263,306,61
1022,1036,1056,140,24,5077,61,63
5077,61
306,61,63
2090,2169,61
1022,61,63
439,61
1261,140,257,2600,5352,61
61,9177
2102,2169,61
1056,2169,61
2397,5666,61
2169,61,63
2169,304,61,63
1047,61,63
1047,116
1047,116,61,63,9358
1261,2600,5352,61
1039,2169,61
1047,116,61
321,61,9434
104,2169
104,1453,2169,61
1453,2102,2169,61
140,2169
2,61
2169,2600,61
257,2600,61,63
130,18,2137,2138,228,303,4,61,63,679,84
1022,1036,12,140
1056,63
1095,61
1135,61,63
1002,1004,1019,1022,1027,1029,1036,1039,1041,1047,1056,12,1301,140,2312,24,5077,52,5206,61,63,64,77,9358
1056,152,61
2,2600,61
61,9358
1135,5076,61,63
1263,310,61
1135,5076,61
368,61
1446,2169,61
1453,2169,61
5385,61,63
2169,5385,61
2102,2169,5380,61
1450,2102,2169,61
2102,2169,5387,61
1122,140,61,63
310,61,63
1039,61,63
128,303
322,61
397,61,63
61,8492
136,2,2306,320,321,322,329,41,414,85
306,310,61
2318,310,61
111,61,63
2169,310,61
5209,61
2318,310,61,63
1036,1041,1047,1056,1066,115,1231,140,23,2318,423,508,61,63,77
1017,61
1031,321,61
2306,61
2306,61,63
1039,61
324,61
324,61,63
321,329,61,63
140,23,328
328,61,63
117,23,321,61,63
23,321,61,63
117,321,61,63
320,61
328,61,8742
328,61,8
328,8
2578,328,61,9618
2578,61,9618
1027,140,2266,2318,2397,5666,61,63,6393
1027,1125,140
320,61,63
111,1414,169,2,21,228,237,267,297,300,302,304,315,322,324,326,329,368,397,41,569,85
1127,61
1002,1017,1019,1027,1041,1047,1061,140,23,24,52,61,63,64
4266,61
61,8376
1070,111,1414,169,2,21,228,237,267,297,300,302,304,315,322,324,326,329,368,397,41,569,85
1197,1236,228,303,304,61,63
1027,1029,1039,1060,5209,5352,61,63,76,77,8742
1125,303,61,63
2176,61
111,1135
1,111,117,141,1414,169,1982,2,2382,266,267,300,304,315,324,326,368,41,569,74,85,93
1022,1036,1047,1055,1056,1060,115,12,1231,260,2607,61,63,76,77
43,61
1022,1036,1041,1060,1125,115,1231,61,63,77
2578,61
1,1095,111,117,129,141,169,182,1982,2,2382,266,300,315,324,368,38,41,569,61,63,74,85,93
1088,1127,129,169,1980,1982,2026,2306,2587,266,300,305,315,316,320,321,324,326,328,38,4461,6248,85,93
1414,61,63
61,63,7220
1127,61,63
1,1095,111,117,129,1982,2,266,300,315,324,38,41,569,61,63,74,85,93
63,93
1061,115,117,140,2,23,61,63
5509,61
1980,61
315,61
1125,5509,61
1125,61,93
1000,1036,1047,1051,1053,1055,1056,115,116,12,1231,2026,23,2318,2323,2578,2580,2581,260,303,325,43,61,63,76
1414,61
1009,61
115,140,15,43,61
1027,23,61,63
1125,23
1125,23,63
136,1414,2306,247,320,321,326
1070,111,1414,169,2,21,228,237,267,300,302,304,315,322,324,329,368,397,41,569,85
1135,256,61
256,321,61
1070,1095,111,1414,169,2,21,228,237,267,297,300,302,304,315,324,329,368,397,41,569,85
5206,5352,61
1070,111,169,2,21,228,237,267,297,300,302,304,315,322,324,326,329,368,397,41,569,61,85,9680
1441,228,61
2384,61
1060,115,2319,2325,2343,2348,2357,2382,2384,2578,2598,2599,368,61,63,6381,6485,6763,8,9009,9618,9688
2320,61
51,61
5352,61
2564,61
2598,304,5352,61
1022,1039,1041,1071,61
1000,1002,1004,1017,1019,1022,1027,1029,1036,1039,1041,1047,1056,12,140,23,24,5077,52,5206,61,63,64,77,8
1041,5352,61
1041,1060,1231,2600,5352,61,77,7705
61,77
1027,116,12,140,2099,23,303,43,57,61,63
1027,140,23,24,5877,61,63
1448,2600,61,9177
104,43,93
251,4274,61
2588,61
1114,116
1451,2283,61
5666,61
1004,61
1004,1027,140,24,5666,61,63,64
140,61
1002,1004,1122,5666,61,63
1000,1002,1004,1017,1019,1022,1027,1029,1036,1039,1041,1047,1056,12,140,23,24,5077,52,5206,61,63,77
2318,326,61
1000,1002,1004,1017,1019,1022,1027,1029,1036,1039,1041,1047,1056,12,140,23,2312,24,5077,52,5206,61,63,64,77
1000,1002,1004,1017,1019,1022,1027,1029,1036,1039,1041,1047,1056,12,140,23,24,5077,52,5206,61,63,64,77,9847
305,61,63
1022,1027,1036,1039,1056,1060,1125,1263,140,152,2318,2397,256,310,5077,5208,5209,5352,61,63,77,8742
1000,1004,1019,1027,1036,1261,140,24,2776,5666,61,63,64
1004,61,63
1059,61
326,86
1142,2112,251,263,306,4274,61
1060,2291,4323,559,61,8492
1041,116,2266,2291,2323,2349,251,5212,559,61,6393,7689,7709,7723,8112,8113,8492,9177,9273,9856,9857
1186,136,1980,2026,2110,2176,2306,303,320,321,326,63,93
147,2397,61
326,61,63
303,61,63,93
12,2283,2320,2326,2367,61,63
1017,63
1022,1036,140,63
2319,61
23,61
1000,1002,1004,1017,1019,1022,1027,1029,1036,1039,1041,1047,1056,12,140,23,24,5077,52,5206,61,63,7374,77
2283,2326,2627,2632,61
427,61
260,61
115,61
125,61
61,6899
1036,1041,1047,52,61,77,8376
326,328,61
1122,61
2266,61
1000,1002,1004,1017,1019,1022,1027,1029,1036,1039,1041,1047,1056,12,140,23,24,5077,52,5206,61,63,64,77
1041,1071,1122,2291,2323,2349,251,5206,5212,559,61,7591,7705,7709,7723,8113,9177,9273,9275,9305,9306,9324
1027,140,2397,4462,5666,61,63,6393
1004,1017,1019,1022,1027,1036,1039,1041,1047,1056,1060,140,23,52,5206,5208,61,63,64,76,77,8,8376
5385,61
140,325,61
61,7356
2169,251,61
251,2600,61
61,6339
136,228,2306,2318,251,2600,306,5076,8
1230,1235,136,1441,2,21,228,2306,251,255,306,320,321,328,38
1447,251,5076,61,9272
2466,61
1125,1135,140,61,63
1125,140,61
1125,140,61,63
1125,2169,2318,2598,2600,5077,8
2306,325,61
1125,140,228,303,306,325,329,61,63
228,306,61
140,228,303,306,325,329,61,63
1125,140,228
321,61,63
1125,303,306,61,63
1135,303,325,61
61,85
140,228
10119,10120,10121,104,1446,1447,1451,1452,1453,1454,3476,3974,4948,5074,5076,5380,5385,5386,5387,86
1453,5077,61
10122,10123,10124,10125,10126,10127,10128,10129,104,1453,2089,2169,2306,306,3476,47,5074,5076,5077,5380,5385,55,61,86
10119,10120,10121,104,1446,1447,1451,1452,1453,1454,3476,3974,4948,5074,5076,5380,5385,5386,5387,55,86
104,1446,1447,1451,1452,1453,1454,2089,2169,3476,47,5074,5076,5077,5380,5385,5386,5387,55,86
10122,10123,10124,10125,10126,10127,10128,10129,104,1453,2169,2306,306,3476,5074,5076,5077,5380,61,86
104,1453,3476,5074,5380,86
251,5077,61
104,1114,1446,1453,1454,2169,251,306,325,3476,5074,5076,5077,5385,61
1031,5077,61
10119,10121,104,1446,1447,1451,1452,1453,1454,2089,3476,47,5074,5076,5380,5385,5386,5387,55,86
1447,61
136,2306,251,306,3476,4347,5074,61,9272
136,2169,2306,306,320,321,328,3476,4347,5074,5076,61,9272
104,1453,2169,2306,306,3476,5074,5076,5077,5380,5385,61,86
251,5076,61,9272
1448,5077,61
10119,10120,10121,104,1446,1447,1451,1452,1453,1454,2089,3476,3974,47,4948,5074,5076,5380,5385,5386,5387,55,86
140,303,61
104,1114,140,1421,2040,228,251,300,303,306,5077,61
104,1114,140,1421,1441,1451,228,303,306,315,61,63
1114,2318,61
104,1114,140,2040,228,303,61
1114,251,61
1114,116,140,5077,61,63
1114,61,63
140,61,63
2600,297,3,61
61,9329
297,61
569,61,63
1070,61
2110,61
104,1142,1454,20,2176
2176,63
125,2040,303,5666,57,6393
1,10203,104,108,1186,12,140,1448,1454,1463,2099,2181,2183,2562,303,43,5083,5385,5844,61,63,7830,8680,8900
1,41,51,61,63
140,303,61,63
2026,2176,4274,61
2176,4274,61
1142,125,2099,2176,303,43,61,63
2099,2176,61,63
2099,61
1142,61
2176,4461,61,63
303,93
303,306,61,63
264,306,61
5083,61
306,310,4274,61
20,2397,306,5077,61
327,61
303,306,61
306,4274,61
306,63
1031,2176,61
2176,2318,310,4274,61,63
136,1980,2110,2176,2306,320,321
1041,1071,1122,2291,2323,2349,251,5206,5212,559,61,7591,7705,7709,7723,8113,8492,9177,9273,9275,9305,9306,9324
1041,1071,1122,116,2266,2291,2323,2349,251,4266,5206,5212,559,61,7705,7709,7723,8113,8492,9177,9273
1041,1071,1122,116,1301,2266,2291,2323,2349,251,4266,5206,5212,559,61,7705,7709,7723,8113,8492,9177,9273
1041,1122,2291,2323,2349,251,4266,5206,5212,559,61,7705,7709,7723,8113,8492,9177,9273
10232,1041,116,1231,2266,2291,2323,2349,251,5212,559,61,6393,7705,7709,7723,8112,8113,8492,9177,9273,9856,9857
61,6393
281,61
1022,1027,1036,115,140,2397,61,63,77
1002,2397,5666,61
10218,10219,10221,10245,10246,10247,10248,10249,10250,1041,1231,61,6727,7352,7702,7705,8620,9856
10218,10219,10221,10245,10246,10247,10248,10249,10250,1041,116,1231,2266,61,6393,6727,7352,7692,7699,7702,7705,7723,8620,9856
1041,116,1231,2266,2291,2323,2349,251,5212,559,61,6393,7705,7709,7723,8112,8113,8492,9177,9273,9856,9857
1027,140,2397,61,63
12,2249,2283,297,397,61,63
2249,61,63
2318,310,4274,61
2249,320,61
1002,104,1114,116,1422,1429,1431,1437,1462,20,2040,2178,228,303,315,61,63
23,2308,61,63
20,7802
1044,1047,1053,116,1197,1257,1429,1435,1462,20,2178,2183,23,2308,260,303,306,334,5083,5085,63,8599
1047,1114,140,1429,1435,1461,1462,2041,2178,23,2308,5083,5084,61,63
1047,1114,140,1429,1435,1461,1462,20,2041,2178,23,2308,5083,61,63
1047,1114,140,1429,20,2041,2178,23,5083,61,63
1114,1294,251,303,61
118,140,2183,5077,5084,57,61,63,64
125,140,61,63
1003,1027,1047,118,140,2183,23,5077,61,63,64,7245,7625
1044,1047,1053,116,125,140,1429,1461,1463,20,2041,2178,2183,23,2308,2778,302,303,306,5083,61,63,7579
1,1044,1047,116,125,140,1462,20,2040,2041,2176,2178,2183,2184,23,2308,2558,303,61,63,7579,7582
116,140,61,63
104,1315,132,140,147,2181,43,61,63
104,116,125,1294,132,140,1437,1462,2099,2181,251,2559,43,57,61,63,7171,7672
316,61
1,2308,41
125,61,63
1060,1294,132,140,147,2578,43,61,63
1,2308,325,61,63,93
5974,61,63
1027,116,303,57,61,63
1027,116,140,61,63
10189,108,116,12,125,140,2037,2099,2183,23,24,260,43,5083,5085,57,61,63,7727,7776,7830,8486,8519,9790,9791
1,1027,116,125,140,2176,2179,303,57,61,63
1,1027,1047,125,2176,23,303,304,61,63
1027,1041,1047,116,140,228,23,303,5206,61,63
125,61,63,6301
125,23,303,4462,61,63
116,125,1315,303,44,57,61,63,93
115,2308,61,63
23,2607,57,61,63
1027,1047,116,140,23,61,63
1002,1027,1114,116,140,1421,1422,1460,1462,172,2001,21,2184,228,2685,300,3477,61,63,64,7171,7618,8589
1437,61,63
1114,303,61,63
1047,116,228,23,263,303,61,63
1002,1044,1047,1114,116,140,1462,20,2041,2178,2183,23,303,306,5083,5085,61,63
61,8589
228,2308,302,61,63
136,1421,2306,321,322,324,328,329,41,61,63,85
1044,1047,116,1435,1461,1462,20,23,5083,5085,5666,61,63,7672
118,328
1022,1041,1061,115,2320,2326,61,63
1031,1032,61
1020,1031,61
1022,1261,61
12,140,2169,2569,61
1002,1036,1056,140,61
1002,1004,1019,1022,1027,1029,1036,1039,1041,1047,1056,12,140,2312,24,5077,52,5206,61,63,64,77,9358
1002,1004,1019,1036,1122,1199,140,2183,2318,24,2559,2586,2776,2777,2778,2787,5077,5106,5215,5877,61,8051,9343,9358
1047,2,228,260,302,303,5212,5666,61,63,9358
63,9343
1029,1275,52,61,63
1275,52,61
1031,2169,2283,2318,251,2598,2600,5077,5385,61
1031,228,325,329,61,63
1031,1125,140,228,303,306,329,61,63
1031,104,136,1447,2306,251,306,321,325,3476,5074,5385,61
61,8742
1088,2019,61
61,9233
1031,2127,61
1088,63
2580,61
1000,1022,1029,1051,1053,1055,1060,116,12,2318,2581,260,263,325,5077,5206,61,63,6505
116,23
1059,76
2037,76
2982,33
2982,52,76
10387,1059,1232,2037,2685,2828,2982,2984,3120,3202,3203,33,3306,3674,3720,3855,5219,5280,5601,5708,76,8086,8431
2037,2982,33,76
2982,33,46,76
17,76
3674,76
33,76
33,52,76
1204,76
46,76
1051,76
2835,76
46,5581
45,76
33,46,76
2981,76
33,3395
138,2838,2996,68
138,2738
138,2838
138,27,2838,2839,2994,3029,3410
138,2827,2838
138,2838,3719
138,2838,2839
138,45,69
138,2838,2847
2838,46
138,2838,2982
138,2838,3193
130,2137,4,41,84
63,84
303,41
1262,84
571,84
303,84
84,9360
2109,84
1142,2109,2178,306,84
2107,84
130,303
2093,84
109,1135,1197,1201,1236,1262,130,144,1446,1454,18,2137,2138,228,303,306,3482,4,61,63,679,84,8958,9360
1127,93
214,93
2627,303,304,315,93
1447,93
1187,93
104,2160
104,5074
116,5077,5084
24,2766,5077
109,18,2127
18,2127
109,1446
109,144
109,571
109,303
109,113
109,144,18,2137,2138,679,92
109,8958
109,1432
109,1454
109,1985
109,2127
109,2138
109,2127,571
109,5454
109,1446,2107
109,2109
109,2040
109,18
109,159
109,130,2127
109,113,1197,1201,127,18,183,188,1985,2093,2107,2109,2127,219,2198,2659,303,4,571,696,7072,92,9898
104,109,113,1446,1454,2107,303,5077,5084,571
109,113,1432
110,2697,2698,2700,2702,2713,2715,2716,2717,2718,2720,2721,2722,2723,2724,2734,2798,3235,3310,3384,3466,3468,3469,3470
110,2728,2836
110,2729,2731,2749,68
110,3177
110,2731
110,138
110,138,2697,2700,2702,2728,2729,2730,2736,2749,2838,2995,3294,3295,68
110,2697,2698,2700,2702,2713,2714,2715,2716,2717,2718,2720,2721,2723,2724,2734,2798,3235,3310,3384,3466,3468,3469,3470
110,2697,2698,2700,2702,2713,2714,2715,2716,2717,2718,2720,2721,2723,2724,2734,2798,3235,3384,3468
110,2730,2838,3294
110,11062,11139,11140,11141,2513,2798,2827,2840,2847,3183,3188,3193,3237,3321,3351,3454,3695,3805,3809,3842,5092,6758,6870,9017
110,11150,2697,2700,2702,2703,2704,2707,2708,2709,2710,2711,2712,2713,2714,2715,2716,2717,2718,2720,2721,2723,2724,3270,3291
110,2996
110,3270
110,17,2697,2700,2702,2734,2798
110,11062,11141,2513,2798,2827,2840,2847,3183,3188,3193,3237,3321,3351,3454,3805,3809,3842,5092,6758,6870,9017
110,2839
110,2749
110,2749,2996
110,2729
110,2700,2741,2798
110,2741
110,68
110,2700
116,7122
116,1347,7625
1122,116,1432,20,2041,2178,7568
116,7625
116,1461
1002,1114,116,1421,1437,1462
1114,116,1462,2179
1114,20,2562
1114,116,7727
1002,1114,116,1462,2186,5084
1002,1114,116,136,1421,1422,1431,1432,1437,1446,1460,20,2040,2041,2179,2184,2186,302,304,3477,3479,5084,900
1002,1114,116,1462,2040,2179,2186,2685,5084
120,1300,136,1421,1460,20,2041,2178,2184,2252,2423,29,302,304,324,3477,3479,368,41,411,4413,51,62,9735
1002,1114,116,1421,1437,1460,1462
125,6241
125,1437,2040
126,174
126,169,174,178,242
126,214
126,180
126,574
102,126,1328,170,180,187,190,193,200,205,206,207,214,216,221,223,229,234,241,7
102,126,170,180,187,190,193,200,205,207,214,221,223,241,570,7
126,5454
127,1405
127,9691
127,522
1197,127,522
1236,127
1197,1236,127,2107,522,92
1236,127,522
1197,127,144,2107,522,92
1197,127,2107,522
1236,127,2390
113,522
1236,8
1197,127,522,9898
1197,1257,127
237,41
104,1441,1446,1447,1449,1450,1451,1452,1454,169,1980,21,2160,2169,219,228,237,264,297,3,38,87
2134,4
132,5844
132,61
132,2090,2466
1294,1315,61
132,1453,5074
104,5076
5076,55
104,1450,1453,2102,5074,5076
104,1450,2102,2169,5074,5076,5385
104,1453,5074,5076,5077
147,5076
104,1448,2586,4347,5076,5386,55
104,1448,1451,1453,2586,3476,4347,5074,5076,5386
104,1448,1453,2586,5076
104,1448,1453,2586,5074,5076
5076,5386,55
104,132,2181,5085,5844
108,5844
132,147
132,3166
132,55,5844
132,251
132,5974
132,251,43
132,2773,559
132,5085
251,5844,61
132,2773,559,8112
132,2291
1255,1265,132,2105,2330,2360,2464,2473,25
132,2464
132,55
132,1447
1255,1265,132,1416,2105,2330,2360,2464,2467,2473,25,427,5075,5454
132,1447,5844
132,43
132,8112
147,251
132,8113
105,132,1447,1452,1980
132,1447,8112
132,2105,2464,5973
132,574
1041,12,132,2326,55,63
1255,1265,132,1416,2100,2105,2181,2243,2330,2360,2464,2467,2473,25,251,2629,427,5075,5454,5807,5973,5974,7346
132,2349
132,43,61
132,5385
132,559,8112
132,2330
104,132,1454
1231,132,2181
2326,55
132,1448,147,61
55,5844
132,2181
1265,132,141,1416,1447,159,2090,2105,2125,2133,2134,2330,2360,2464,2466,2473,2627,2629,427,5075,5973,5974,6887,9691
132,6887
132,147,251,61
132,5191
132,7672
132,5877
5074,5385,55
132,2100,251
132,1451
132,5890
132,257
104,132,2181,43,5085
43,5074
132,2283
1022,1036,11754,11820,11848,12282,132,140,2586,2595,2761,2774,2776,43,5191,5337,5744,5886,5893,5974,6111,6360,6394,922,9658
1022,1036,12282,132,140,2569,2586,2595,2761,2774,2776,5337,5744,5886,5893,5974,6111,6360,6394,922,9658
11754,132
132,2102
132,2134
2125,55
132,2112
55,8112
132,2773,8112
132,559
132,7352
132,2183
132,2100
61,7352
132,2099
23,320,7352
132,61,7352
132,2473
132,5454
132,141,1447,2105,2326,2464,2629,5973,5974
132,2464,25
115,132,2464
141,342
143,9434
143,2101,5756
143,2249,2629,5392
1328,143,2101
1328,143
1142,11445,11450,11451,11452,11453,12717,1328,143,193,2097,2101,2112,2131,2147,5392,5432,5756,6227,6228,6982,7423,8699,9425,9434
1142,143,2099
