795,796,441,797,798,799,800,801,802,803,804,805,764,806,40,807
441,798
156,441,822,823,797,803,824,825,451,798,800,826,827,828,804,764,829,830,831,802,832,833,834,835,836,837,838
808,843,795,109,441,796,844,797,111,845,839,846,805,847,806,848,849,813,547,251,814,850,851,852,798,103,853,854,855,856,857,858,859,860,861,862,863,18,864,865,866,818,867,868,869,799,870,871,872,873,874,875,876,877,40,476,878,879,880,272,881,882,194,883,801,884,885,886,887,888,889,890,891
808,795,796,441,797,111,839,845,893,805,806,813,251,814,850,852,798,894,855,856,857,858,895,859,862,896,866,818,871,897,873,876,877,40,878,476,272,194,884,885,886,887,103,891
808,797,18,818,867,870,900,872,873,34,901,883,902,40,441,846,805,903,806,848,813,814,251,850,853,904,856,859,862,905,871,874,476,879,880,272,882,888,103,864,890,109,844,111,852,851,798,855,860,861,865,876,877,906,884,887,868,795,748,847,849,547,854,857,863,866,799,869,907,908,881,194,801,909,886,889,891
156,441,822,823,797,803,824,825,924,451,798,800,826,827,828,804,764,829,830,831,802,832,833,834,835,836,837,838
925,845,797,926,927,928,929,930,393,931,932,933,218,934,818,935,936,937,938,939,940,941,40,942,441,943,944,945,805,946,806,813,947,948,859,949,476,950,819,951,952,281,953,954,796,955,956,957,958,959,960,852,961,962,963,964,965,861,966,967,968,802,969,877,970,971,972,973,974,975,976,977,978,979,795,980,981,982,983,984,803,985,986,987,988,857,989,990,991,764,807,992,993,994,799,995,996,997,998,999,1000,1001,1002,801,1003,1004,1005,1006
925,797,845,926,927,928,929,930,393,931,932,933,218,934,818,935,936,937,938,939,940,941,40,942,441,943,944,945,805,946,806,813,947,948,859,949,476,950,819,951,952,281,953,954,796,955,956,957,958,959,960,852,961,962,963,964,965,861,966,967,968,802,969,877,971,972,973,974,975,976,977,978,979,795,980,981,982,983,984,803,985,986,987,988,857,989,990,991,764,807,992,993,994,799,995,996,997,998,999,1000,1001,1002,801,1003,1004,1005,1006
981,980,441,982,797,1038,926,803,985,805,806,393,986,924,857,932,764,559,807,218,993,818,900,802,937,938,998,1026,939,1027,1047,877,1055,476,974,819,951,801,281,40
441,764
441,818,797,764,40
441,764,797
795,441,797,926,803,985,805,929,806,813,931,948,964,764,859,807,1283,1284,934,993,818,996,802,937,939,877,819,952,1004,281
925,797,845,926,927,928,929,930,393,931,932,933,218,934,818,935,936,937,938,939,940,941,40,942,441,943,944,945,805,946,806,813,947,948,859,476,1285,950,819,951,952,281,953,954,796,955,956,957,958,960,959,852,961,962,963,964,861,966,967,968,802,969,877,970,971,972,973,974,976,977,978,979,795,980,981,982,983,984,803,985,986,987,988,857,989,990,991,764,807,992,993,994,799,995,996,997,998,999,1000,1001,1002,801,1003,1004,1005,1006
1047,441,818
441,819,993,797,818,926,802,985,805,764,859,939,40
441,993
441,993,818
808,843,845,839,797,18,818,867,870,872,873,901,883,885,40,441,846,805,806,848,813,814,251,850,853,856,859,862,871,874,476,879,880,272,882,888,103,864,890,109,796,844,111,852,851,798,855,860,861,865,875,876,877,906,884,887,868,795,847,849,547,854,857,863,866,799,869,907,878,881,908,194,801,909,886,889,891
808,843,795,109,796,844,441,845,839,797,111,846,805,847,806,848,849,547,813,814,251,850,887,852,851,798,853,854,855,856,857,859,860,861,862,863,18,864,865,888,866,818,867,870,799,869,868,871,907,872,873,874,875,876,877,476,878,879,880,906,272,881,882,194,901,883,801,909,908,884,886,40,103,889,890,891
808,843,795,109,796,844,441,845,839,797,111,846,805,847,806,848,849,547,814,251,850,887,852,851,798,853,854,855,856,857,859,860,861,862,863,18,864,865,888,866,818,867,870,799,869,868,871,907,872,873,874,875,876,877,476,878,879,880,906,272,881,882,194,901,883,801,909,908,884,886,40,103,889,890,891
808,795,796,441,797,111,839,893,805,806,813,251,814,850,852,798,894,857,1299,858,895,859,1064,896,866,818,871,897,873,876,877,40,878,476,272,194,884,885,886,887,103,891
808,795,796,441,797,111,839,845,893,805,806,813,251,814,850,852,798,894,857,1299,858,895,859,1064,896,866,818,871,897,873,876,877,40,878,476,272,194,884,885,886,887,103,891
808,795,796,441,797,111,839,845,893,805,806,813,251,814,850,852,798,894,856,857,1299,858,895,859,896,866,818,871,897,873,876,877,40,878,476,272,194,884,885,886,887,103,891
808,795,796,441,797,111,839,845,893,805,806,813,251,814,850,852,798,894,856,857,858,895,859,896,866,818,871,897,873,876,877,40,878,476,272,194,884,885,886,887,103,891
808,843,795,796,441,797,111,839,845,805,806,813,814,851,798,856,857,859,865,818,799,871,873,876,877,40,878,476,272,194,883,801,884,886,887,103,890,891
808,843,795,796,441,797,111,839,845,805,806,814,851,798,856,857,859,865,818,799,871,873,876,877,40,878,476,272,194,883,801,884,886,887,103,890,891
808,843,795,109,441,796,844,797,111,845,839,846,805,806,849,813,547,814,251,850,851,852,798,103,853,854,855,856,857,858,859,860,861,862,863,18,864,865,866,818,867,868,869,799,871,897,873,876,877,1300,40,476,878,879,880,272,881,882,194,883,801,884,885,886,887,888,889,890,891
808,843,795,109,441,796,844,797,111,845,839,846,805,806,849,813,547,814,251,850,851,852,798,103,853,854,855,856,857,858,859,860,861,862,863,18,864,865,866,818,867,868,869,799,871,897,873,875,876,877,1300,40,476,878,879,880,272,906,881,882,194,883,801,884,885,886,887,888,889,890,891
808,843,795,109,796,844,441,845,839,797,111,846,805,847,806,848,849,547,813,814,251,850,887,852,851,798,853,854,855,856,857,859,860,861,862,863,18,864,865,888,866,818,867,870,799,869,868,871,907,872,873,874,875,876,877,476,878,879,880,906,272,881,882,194,883,908,801,884,885,886,40,103,889,890,891
797,18,818,867,870,900,872,873,1027,34,901,1301,883,40,441,846,805,806,848,814,850,1302,853,904,856,1159,1303,862,871,874,476,879,880,272,888,103,1304,109,1305,844,111,851,798,855,860,861,129,1306,131,865,1307,1308,876,877,906,1309,884,887,868,795,748,547,849,854,857,558,863,866,1310,869,907,1311,1055,908,881,194,801,909,886,1312,889
795,980,796,981,982,441,845,983,797,926,803,985,805,929,806,957,813,393,959,986,947,931,857,964,990,948,932,764,859,807,218,993,818,799,996,802,937,938,998,939,877,476,974,819,951,952,801,1004,281,40
987,441,818
795,980,441,797,926,803,985,805,929,806,813,947,931,948,964,990,764,859,1064,1283,1284,818,996,802,937,939,877,1461,819,952,281,1004,40
808,795,796,441,797,111,839,845,893,805,806,813,251,814,850,852,798,894,856,857,1299,858,895,859,1064,896,866,818,871,897,873,876,877,40,878,476,272,194,884,885,886,887,103,891
795,980,441,955,942,956,797,925,926,943,944,927,803,1464,985,929,805,806,946,705,813,960,958,947,961,931,1281,988,987,948,964,990,1474,991,764,859,989,933,1064,1283,967,1207,992,934,993,818,994,936,996,995,968,802,937,939,877,999,971,972,973,1000,1285,950,819,975,976,952,1003,941,1004,281,1005,40,1006,979
808,795,796,441,797,111,839,845,893,805,806,813,251,814,850,852,798,894,856,857,858,895,859,862,896,866,818,871,897,873,876,877,40,878,476,272,194,884,885,886,887,103,891
795,980,441,797,926,803,985,805,929,806,813,958,931,948,964,1480,764,859,1064,1283,1284,993,818,996,802,937,939,877,819,952,1004,281,40
808,796,441,797,845,846,803,805,806,813,894,859,1064,807,818,873,877,819,40,891
441,1064,859,818
947,441,844,887,925,859,939,877,959
1052,441,819,993,797,818,926,802,990,985,805,764,859,939,40
441,859
441,819,993,818,797,813,926,802,985,805,764,859,939,958,40
441,819,993,797,818,995,802,1290,990,985,764,859,805,939,813,40
441,818,802,803,859,877
995,441,859,818
1359,441,1520
441,819,993,818,797,1532,926,802,985,805,764,859,939,958,40
974,441,1070,797,818,845,857,932,764,40,559,958,807,891
441,859,1537
947,889,441,968
808,843,795,796,441,797,111,839,845,893,805,806,813,251,814,852,798,894,855,856,857,858,895,859,862,896,866,818,871,897,873,876,877,40,878,476,272,194,884,885,886,887,103,891
808,795,796,441,797,111,839,893,805,806,813,251,814,850,852,798,857,1299,858,859,1064,866,818,871,873,876,878,476,272,194,884,885,886,40,103,891
795,441,887,993,818,1281,894,857,859,806,40,877,1064,18,891
441,859,972
441,818,857,1328,859,40,891
441,819,859,807
441,993,818,859,939,40
441,1556
441,859,818
441,819,993,818,797,1532,813,926,802,985,805,764,859,939,958,40
797,18,818,867,870,900,872,873,1027,34,901,1301,883,40,441,846,805,806,848,814,850,1302,853,904,856,1159,1303,862,905,871,874,476,879,880,272,882,888,103,1304,864,109,844,111,1038,852,851,798,855,304,860,861,129,1306,131,865,1308,876,877,906,1309,884,887,868,795,748,847,547,849,854,857,558,863,866,1310,869,907,1311,1055,881,908,194,801,909,886,1312,889
441,993,818,887,1027,877,1306
441,818,857,1328,805,859,40,891
795,981,980,441,982,983,797,1038,926,803,985,805,929,806,957,393,986,857,990,932,859,559,862,807,218,993,818,900,802,937,938,998,939,877,1047,1055,476,974,819,951,801,281,40,1493
795,981,980,441,796,982,797,845,983,1038,926,803,985,805,929,957,806,813,959,393,1508,986,948,857,932,764,859,559,807,218,993,818,799,802,937,938,998,939,877,476,974,819,951,801,1004,281,40
441,818,797,857,764,40,807
797,18,818,867,870,900,872,873,1027,34,901,1301,883,40,441,846,805,806,848,814,850,853,904,856,1303,862,905,871,874,476,879,880,272,882,1582,888,103,1304,864,109,844,111,1038,852,851,798,855,304,860,861,129,1306,131,865,876,877,906,1309,884,887,868,795,748,847,547,849,854,857,558,863,866,1310,869,907,1311,1055,881,908,194,801,909,886,1312,889
797,18,818,867,870,900,872,873,34,901,1301,883,40,441,846,805,903,806,848,814,251,850,853,904,856,1303,859,862,905,871,874,476,879,880,272,882,888,103,1304,864,109,844,111,1038,852,851,798,855,304,860,861,129,131,865,876,877,906,1309,884,887,868,795,748,847,547,849,854,857,558,863,866,869,907,1311,1055,881,908,194,801,909,886,1312,889
845,797,925,926,929,3,930,393,932,1024,218,934,818,937,938,1026,939,940,941,40,1419,441,1583,944,945,805,946,806,1030,947,859,949,1032,1584,1035,476,819,951,281,1572,953,954,796,955,956,1038,957,958,960,959,852,961,963,1042,1203,1043,965,861,1585,967,1213,1044,1586,802,969,1587,877,973,972,971,974,976,977,978,979,1049,795,980,981,982,984,803,986,987,988,857,990,991,764,1051,559,807,1052,993,994,997,998,1001,881,1002,1003,801,1005,1054
845,797,925,926,929,3,930,393,932,1024,218,934,818,937,938,1026,939,940,941,40,1419,441,1583,944,945,805,946,806,1030,947,859,949,1032,1584,1035,476,819,951,281,1572,953,954,796,955,956,1038,957,958,960,959,852,961,963,1042,1043,965,861,1585,967,1213,1044,1586,802,969,1587,877,973,972,971,974,976,977,978,979,1049,795,980,981,982,984,803,985,986,987,988,857,990,991,764,1051,559,807,1052,993,994,997,998,1001,881,1002,1003,801,1005,1054
857,1328,441,818
795,981,980,796,982,441,845,797,1038,926,803,985,805,929,806,957,393,959,986,857,948,932,764,859,559,807,218,993,818,799,802,937,938,998,1026,939,877,476,974,819,951,801,281,40
441,857,1328,859,891
795,981,441,980,982,797,1038,926,803,985,805,929,806,393,924,986,857,932,764,559,807,218,993,818,1359,900,802,937,938,998,939,1027,1047,877,1055,476,974,819,951,801,281,40
914,441
441,825
441,894,803,804,859,887,877,807,891
795,980,441,796,925,845,797,983,803,985,805,929,1603,806,393,813,1528,1508,894,857,948,990,1290,932,764,859,807,218,993,818,802,939,877,40,476,974,819,887,891
441,844,818,859,887,877,1064,1508
1207,441,925,818,908,894,1637,1603,895,887,877,1064
937,441,1064,818
1207,441,925,818,894,1637,1603,895,887,877,1064
795,980,441,955,942,956,797,925,926,943,944,927,803,1464,985,929,805,806,946,705,813,960,958,947,961,931,988,987,948,964,1480,990,1474,764,859,991,933,989,1064,1283,967,1207,992,934,993,818,994,936,996,968,995,802,937,939,877,999,971,972,973,1000,1285,819,975,976,952,1003,941,1004,281,1005,40,1006,979
795,980,441,955,942,956,797,925,926,943,944,927,803,1464,985,929,805,806,946,705,813,960,958,947,961,931,988,987,948,964,1480,990,1474,764,859,991,933,989,1064,1283,967,1207,992,934,993,818,994,936,996,968,995,802,937,939,877,999,971,972,973,1000,1285,950,819,975,976,952,1003,941,1004,281,1005,40,1006,979
808,795,796,441,797,111,839,845,893,805,806,813,251,814,852,798,894,857,1299,858,895,859,1064,896,866,818,869,871,897,873,876,877,40,878,476,272,194,884,885,886,887,103,891
947,441,925,818,908,894,1637,968,895,1603,887,877,1064,972
795,980,441,955,942,956,797,925,926,943,944,927,803,985,805,929,946,806,705,813,960,958,947,961,931,988,987,948,964,990,991,989,764,859,933,1064,1283,967,1284,1207,992,934,993,818,994,936,996,995,968,802,937,939,877,999,971,1285,972,973,1000,819,975,976,952,1003,941,1004,281,1005,40,1006,979
441,1064,993,818
987,441,1064,818
441,797,818,926,1556,802,985,939,877
889,441,1064,818
441,818,937,813,1064
795,980,441,797,926,803,1464,985,929,805,806,813,931,948,964,990,764,859,1064,1283,993,818,995,996,802,937,939,877,1461,819,952,1004,281,40
795,980,441,955,942,956,797,925,926,943,944,927,803,1464,985,929,805,806,946,705,813,960,958,947,961,931,988,987,948,964,1480,990,1474,764,859,991,933,989,1064,1283,967,1207,992,934,993,818,994,936,996,968,995,802,937,939,877,970,999,971,972,973,1000,1285,950,819,976,952,1003,941,1004,281,1005,40,1006,979
795,980,441,797,926,803,1464,985,929,805,806,813,931,948,964,990,764,859,1283,993,818,996,968,802,937,939,877,1461,819,952,1004,281,40
795,980,441,981,955,942,797,925,956,926,943,944,927,803,1464,985,929,805,806,946,813,960,958,947,961,931,988,987,948,964,990,1474,991,764,859,989,933,967,992,934,993,818,994,936,996,968,995,802,937,939,877,970,999,971,972,973,1000,1285,950,819,976,952,1003,941,1004,281,1005,40,1006,979
947,441,925,818,908,894,1637,968,895,1603,887,877,972
925,797,845,926,927,928,929,930,393,931,932,933,218,934,818,935,936,937,938,939,940,941,40,942,441,943,944,945,805,946,806,813,947,948,859,949,476,1285,950,819,951,952,281,953,954,796,955,956,957,958,959,960,852,961,962,963,964,861,966,967,968,802,969,877,971,972,973,974,975,976,977,978,979,795,980,981,982,983,984,803,985,986,987,988,857,989,990,991,764,807,992,993,994,799,995,996,997,998,999,1000,1001,1002,801,1003,1004,1005,1006
441,819,818
1070,441,818
441,813,818,943
808,797,18,818,867,870,900,872,873,34,901,883,902,885,40,441,846,805,903,806,848,813,814,251,850,853,904,856,859,862,905,871,874,476,879,880,272,882,888,103,864,890,109,844,111,852,851,798,855,860,861,865,876,877,906,884,887,868,795,748,847,547,849,854,857,863,866,799,869,907,908,881,194,801,909,886,889,891
947,441,906,818,925,908,1637,1742,1743,887,877,1528,972
947,441,906,818,925,908,1637,1742,1743,1603,887,877,1528,972
797,18,818,867,870,900,872,873,1027,34,901,1301,883,40,441,846,805,806,848,814,850,1302,853,904,856,1159,1303,862,871,874,476,879,880,272,888,103,1304,109,1305,844,111,852,851,798,855,860,861,129,1306,131,865,1307,1308,876,877,906,1309,1744,884,887,868,795,748,547,849,854,857,558,863,866,1310,869,907,1311,1055,881,908,194,801,909,886,1312,889
441,806
441,805
796,441
947,441
441,818,1281,857,859,887,877,889,40,1064
441,844
441,2999
873,441
441,3006,3007,3008,3009,3010
947,3028,441
3009,441,3006
1438,441
796,441,3061,797,1543,985,1438,813,924,1070,3062,887,1199,1353,857,1290,990,720,764,859,860,559,965,1532,3063,3064,3065,993,818,3066,802,3067,939,819,1335,951,1654,1630,1721,922,1558,40,891
441,822,797,803,824,913,3068,825,914,798,800,826,827,828,804,829,1120,831,83,802,919,832,3069,834,835,836,837,922,838,923
947,441,3151
441,3151
1070,441,844,818,1281,895,859,887,877,891
1052,441
877,441,818
3028,441,925
441,844,887,818,1281,857,859,40,877,1064
441,844,1064,818
441,3176,3177,3179,3180
1502,441
1502,441,859
441,982
3180,3177,441,3179
2958,441
795,441
441,1199
441,1064,972
887,441
441,926
797,18,818,867,870,900,872,873,1027,34,901,1301,883,40,441,846,805,806,848,814,850,853,904,856,1303,862,905,871,874,476,879,880,272,882,1582,888,103,1304,864,109,844,111,1038,852,851,798,855,304,860,861,129,1306,131,865,876,877,906,1309,884,887,868,795,748,847,547,849,854,857,558,863,866,869,907,1311,1055,881,908,194,801,909,886,1312,889
797,18,818,867,870,900,872,873,34,901,1301,883,40,441,846,805,903,806,848,814,850,853,904,856,1303,859,862,905,871,874,476,879,880,272,882,1582,888,103,1304,864,109,844,111,1038,852,851,798,855,304,860,861,129,131,865,876,877,906,1309,884,887,868,795,748,847,547,849,854,857,558,863,866,869,907,1311,1055,881,908,194,801,909,886,1312,889
981,441,819,993,797,818,926,802,803,985,805,764,859,939,877,40,1493
3028,441
441,802
939,900,441,980
797,18,818,867,870,900,872,873,1027,34,901,1301,883,40,441,846,805,806,848,814,850,1302,853,904,856,1159,1303,862,905,871,874,476,879,880,272,882,888,103,1304,864,109,844,111,1038,852,851,798,855,304,860,861,129,1306,131,865,1308,876,877,906,1309,1744,884,887,868,795,748,547,849,854,857,558,863,866,1310,869,907,1311,1055,881,908,194,801,909,886,1312,889
900,441
441,984
40,441,3691
797,18,818,867,870,900,872,873,34,901,1301,883,40,441,846,805,903,806,848,814,251,850,853,904,856,1303,859,862,905,871,874,476,879,880,272,882,888,103,864,109,844,111,1038,852,851,798,855,860,861,131,865,876,877,906,1309,884,887,868,795,748,847,547,849,854,857,558,863,866,869,907,1055,881,908,194,801,909,886,889
877,441,859,818
887,441,818
939,441
441,3691
797,18,818,867,870,900,872,873,34,901,1301,883,40,441,846,805,903,806,848,814,251,850,853,904,856,859,862,905,871,874,476,879,880,272,882,888,103,864,890,109,844,111,1038,852,851,798,855,860,861,131,865,876,877,906,1309,884,887,868,795,748,847,547,849,854,857,558,863,866,799,869,907,908,881,194,801,909,886,889,891
795,980,441,981,982,797,1038,926,803,985,805,929,957,806,393,986,857,990,932,764,859,559,807,218,993,818,900,802,3067,937,938,998,939,877,1047,476,974,819,951,801,902,40
441,844,818
797,18,818,867,870,900,872,873,34,901,1301,883,40,441,846,805,903,806,848,814,251,850,853,904,856,859,862,905,871,874,476,879,880,272,882,888,103,864,890,109,844,111,1038,852,851,798,855,860,861,131,865,876,877,906,884,887,868,795,748,847,547,849,854,857,558,863,866,799,869,907,908,881,194,801,909,886,889,891
441,281
797,18,818,867,870,900,872,873,34,901,1301,883,902,40,441,846,805,903,806,848,814,251,850,853,904,856,859,862,905,871,874,476,879,880,272,882,888,103,864,890,109,844,111,1038,852,851,798,855,860,861,131,865,876,877,906,884,887,868,795,748,847,547,849,854,857,863,866,799,869,907,908,881,194,801,909,886,889,891
40,441,764,807
819,441,929
947,441,844,906,887,925,859,939,877,1047
441,844,1543,3067,281,891
40,1047,441
441,1537
3142,981,441,797,929,40,1047
218,441
939,441,1024
877,441,906,818
441,925
947,441,1556
441,818,1285
1438,441,985
441,3062,818
797,18,818,867,870,900,872,873,1027,34,901,1301,883,40,441,846,805,806,848,814,850,1302,853,904,856,1159,1303,862,871,874,476,879,880,272,888,103,1304,109,1305,844,111,1038,851,798,855,860,861,129,1306,131,865,1307,1308,876,877,906,1309,884,887,868,795,748,547,849,854,857,558,863,866,1310,869,907,1311,1055,881,908,194,801,909,886,1312,889
441,822,797,803,824,913,3068,825,914,798,916,800,826,827,828,804,829,1120,831,83,802,919,832,920,834,835,836,837,922,838,923
441,3062,925,818,972
441,1306
797,18,818,867,870,900,872,873,1027,34,901,1301,883,40,441,846,805,806,848,814,850,1302,853,904,856,1159,1303,862,871,874,476,879,880,272,882,888,103,1304,864,109,844,111,1038,852,851,798,855,304,860,861,129,1306,131,865,1308,876,877,906,1309,884,887,868,795,748,847,547,849,854,857,558,863,866,1310,869,907,1311,1055,881,908,194,801,909,886,1312,889
2958,441,985
441,3176
441,1004
441,844,818,859,813
441,1558
1328,441
441,1520
4529,441
4529,441,2999
795,981,980,796,982,441,845,797,1038,926,803,985,805,929,806,957,393,959,986,857,932,764,859,559,807,218,993,818,799,802,937,938,998,1026,939,877,476,974,819,951,801,281,40
441,3007,3008,4584,3009,3010
441,996
441,819,993,818,797,926,802,985,805,764,859,939,813,40
3009,441,4584
796,441,3061,797,1543,985,1438,813,924,1070,3062,887,1199,1353,857,1290,990,720,764,859,860,559,1532,3063,3064,3065,993,818,3066,802,3067,939,819,1335,951,1654,1630,281,1721,922,1558,40,891
441,822,797,803,824,913,3068,825,914,798,916,800,826,827,828,804,829,1120,831,83,802,919,832,920,3069,834,835,836,837,922,838,923
947,441,4598
441,4598
795,981,980,796,982,441,845,797,1038,926,803,985,805,929,806,957,813,393,959,986,857,948,932,764,859,559,807,218,993,818,799,802,937,938,998,1026,939,877,476,974,819,951,801,281,40
441,4663
40,441,4668
947,441,906,887,4663,925,859,939,877,1047
441,4668,818
441,946
441,845
937,441
799,441
441,959
441,819
441,998
938,441
3359,441,818
3359,441
1038,441
843,441
441,3179
947,441,764
808,796,441,797,845,893,803,805,4955,806,813,814,841,857,859,1064,807,818,871,873,877,876,878,272,194,884,886,40,103,890,891
808,796,441,797,845,846,893,803,805,4955,806,813,814,841,857,858,859,1064,807,818,871,873,877,876,878,272,194,884,885,886,40,103,890,891
808,796,441,797,845,1038,846,893,803,805,4955,806,813,814,841,857,858,859,1064,807,866,818,871,873,877,876,878,272,194,884,885,886,40,103,890,891
808,795,796,441,797,111,839,845,893,805,806,813,251,814,852,798,894,855,856,857,858,895,859,862,896,866,818,869,871,897,873,876,877,40,878,476,272,194,884,885,886,887,103,891
441,819,993,797,818,995,802,1290,990,985,859,939,813,40
441,4957,857,816,803,473,40,296
981,441,819,993,797,818,926,802,803,990,985,764,859,805,939,877,40,1493
845,797,925,926,929,3,930,393,932,1024,218,934,818,937,938,1026,939,940,941,40,1419,441,1583,944,945,805,946,806,1030,947,859,949,1032,1584,1035,476,819,951,281,1572,953,954,796,955,956,1038,957,958,960,959,852,961,963,1042,1043,965,861,1585,967,1213,1044,1586,802,969,1587,877,973,972,971,974,2099,976,977,978,979,1049,795,980,981,982,984,803,985,986,987,988,857,990,991,764,1051,559,807,993,994,997,998,1001,881,1002,1003,801,1005,1054
845,797,925,926,929,3,930,393,932,1024,218,934,818,937,938,1026,939,940,941,40,1419,441,1583,944,945,805,946,806,1030,947,859,949,1032,1584,1035,476,819,951,281,1572,953,954,796,955,956,1038,957,958,960,959,852,961,963,1042,1203,1043,965,861,1585,967,1213,1044,1586,802,969,1587,877,973,972,971,974,2099,976,977,978,979,1049,795,980,981,982,984,803,986,987,988,857,990,991,764,1051,559,807,993,994,997,998,1001,881,1002,1003,801,1005,1054
808,843,797,839,18,818,867,870,872,873,901,883,40,441,846,805,806,848,814,251,850,853,856,859,862,871,874,476,879,880,272,882,888,103,864,890,109,796,844,111,1038,852,851,798,855,860,861,131,865,875,876,877,906,884,887,868,795,847,849,547,854,857,558,863,866,799,869,907,878,881,908,194,801,909,886,889,891
40,441
441,934
3142,981,441,797,929,40,959
441,797,818,857,1328,803,805,859,939,40,1438,891
795,796,441,4957,819,797,807,857,816,803,805,473,40,296
441,819,993,797,818,926,802,985,764,859,939,40
